Symbol,Name,Last Sale,Net Change,% Change,Market Cap,Country,IPO Year,Volume,Sector,Industry
AAN,Aarons Holdings Company Inc. Common Stock ,$21.76,-0.46,-2.07%,744298863.00,United States,2020,226246,Technology,Diversified Commercial Services
AAOI,Applied Optoelectronics Inc. Common Stock,$8.625,-0.395,-4.379%,198170122.00,United States,2013,1585479,Technology,Semiconductors
AAPL,Apple Inc. Common Stock,$125.12,-2.67,-2.089%,2169247980800.00,United States,1980,101999893,Technology,Computer Manufacturing
ABST,Absolute Software Corporation Common Stock,$15.66,0.06,0.385%,769168415.00,Canada,2020,94439,Technology,Computer Software: Prepackaged Software
ACEV,ACE Convergence Acquisition Corp. Class A Ordinary Shares,$11.26,-0.34,-2.931%,323725000.00,United States,2020,851096,Technology,Semiconductors
ACEVU,ACE Convergence Acquisition Corp. Unit,$12.42,-0.3201,-2.513%,0.00,United States,2020,8125,Technology,Semiconductors
ACEVW,ACE Convergence Acquisition Corp. Warrant,$2.37,-0.05,-2.066%,0.00,United States,2020,227404,Technology,Semiconductors
ACIW,ACI Worldwide Inc. Common Stock,$38.50,-0.86,-2.185%,4495318944.00,United States,,1618382,Technology,Computer Software: Prepackaged Software
ACLS,Axcelis Technologies Inc. Common Stock,$37.94,-1.77,-4.457%,1276036020.00,United States,2000,246562,Technology,Industrial Machinery/Components
ACMR,ACM Research Inc. Class A Common Stock,$94.82,-12.87,-11.951%,1750834612.00,United States,2017,748307,Technology,Industrial Machinery/Components
ACY,AeroCentury Corp. Common Stock,$10.59,-1.60,-13.126%,16370912.00,United States,,240490,Technology,Diversified Commercial Services
ADBE,Adobe Inc. Common Stock,$466.59,-2.98,-0.635%,223356633000.00,United States,1986,2210321,Technology,Computer Software: Prepackaged Software
ADI,Analog Devices Inc. Common Stock,$154.29,-4.30,-2.711%,56995275581.00,United States,,3016479,Technology,Semiconductors
ADP,Automatic Data Processing Inc. Common Stock,$174.94,-2.56,-1.442%,74863862087.00,United States,,2088350,Technology,EDP Services
ADSK,Autodesk Inc. Common Stock,$277.92,-6.35,-2.234%,61111662882.00,United States,,1267228,Technology,Computer Software: Prepackaged Software
AER,AerCap Holdings N.V. Ordinary Shares,$46.71,-0.67,-1.414%,6060931393.00,Netherlands,2006,1874402,Technology,Diversified Commercial Services
AEYE,AudioEye Inc. Common Stock,$31.66,-2.06,-6.109%,325667234.00,United States,,106809,Technology,Computer Software: Prepackaged Software
AGMH,AGM Group Holdings Inc. Class A Ordinary Shares,$16.01,0.105,0.66%,462545791.00,Hong Kong,2018,8631,Technology,EDP Services
AGYS,Agilysys Inc. Common Stock,$61.37,-1.54,-2.448%,1450636566.00,United States,,476688,Technology,EDP Services
AI,C3.ai Inc. Class A Common Stock,$98.50,-22.55,-18.629%,9441028197.00,,2020,12330329,Technology,Computer Software: Prepackaged Software
AIRG,Airgain Inc. Common Stock,$23.88,-0.31,-1.282%,247202727.00,United States,2016,139020,Technology,Radio And Television Broadcasting And Communications Equipment
AL,Air Lease Corporation Class A Common Stock,$44.88,-0.90,-1.966%,5110661126.00,United States,2011,880781,Technology,Diversified Commercial Services
ALGM,Allegro MicroSystems Inc. Common Stock,$26.94,-0.23,-0.847%,5103345063.00,United States,2020,503903,Technology,Semiconductors
ALLT,Allot Ltd. Ordinary Shares,$15.68,-0.23,-1.446%,552132141.00,Israel,2006,329291,Technology,Computer Communications Equipment
ALOT,AstroNova Inc. Common Stock,$11.5232,0.2232,1.975%,82626944.00,United States,1983,17950,Technology,Computer peripheral equipment
ALRM,Alarm.com Holdings Inc. Common Stock,$91.11,-2.86,-3.044%,4474600789.00,United States,2015,310433,Technology,Computer Software: Prepackaged Software
ALTR,Altair Engineering Inc. Class A Common Stock,$63.65,0.38,0.601%,4688288864.00,United States,2017,1046502,Technology,Computer Software: Prepackaged Software
ALYA,Alithya Group inc. Class A Subordinate Voting Shares,$2.255,-0.005,-0.221%,130973185.00,Canada,,57425,Technology,Computer Software: Programming Data Processing
AMAT,Applied Materials Inc. Common Stock,$117.50,-4.75,-3.885%,107825147760.00,United States,1972,6497788,Technology,Semiconductors
AMBA,Ambarella Inc. Ordinary Shares,$113.71,-5.09,-4.285%,3999412327.00,United States,2012,778065,Technology,Semiconductors
AMD,Advanced Micro Devices Inc. Common Stock,$84.13,-2.26,-2.616%,101908753910.00,United States,,34771117,Technology,Semiconductors
AMKR,Amkor Technology Inc. Common Stock,$22.74,-1.97,-7.972%,5533590463.00,United States,1998,2886071,Technology,Semiconductors
AMN,AMN Healthcare Services Inc AMN Healthcare Services Inc,$74.20,-2.09,-2.74%,3489687734.00,United States,,200283,Technology,Professional Services
AMST,Amesite Inc. Common Stock,$6.45,0.41,6.788%,132455807.00,United States,2020,35864,Technology,Computer Software: Prepackaged Software
AMSWA,American Software Inc. Class A Common Stock,$19.89,-0.25,-1.241%,648140154.00,United States,,106912,Technology,Computer Software: Prepackaged Software
ANET,Arista Networks Inc. Common Stock,$284.30,-3.64,-1.264%,21701066204.00,,2014,624157,Technology,Computer Communications Equipment
ANSS,ANSYS Inc. Common Stock,$336.33,-9.78,-2.826%,29177220786.00,United States,1996,566265,Technology,Computer Software: Prepackaged Software
ANTE,AirNet Technology Inc. American Depositary Shares,$3.80,-0.42,-9.953%,67622478.00,China,,498711,Technology,Advertising
ANY,Sphere 3D Corp. Common Shares,$2.55,-0.17,-6.25%,20061324.00,Canada,,360034,Technology,EDP Services
AOSL,Alpha and Omega Semiconductor Limited Common Shares,$35.67,-2.18,-5.76%,919251499.00,Bermuda,2010,253671,Technology,Semiconductors
API,Agora Inc. American Depositary Shares,$60.70,-5.23,-7.933%,24091704290.00,China,2020,1316215,Technology,Computer Software: Prepackaged Software
APPF,AppFolio Inc. Class A Common Stock,$134.82,-27.15,-16.762%,4628126306.00,United States,2015,917336,Technology,Computer Software: Prepackaged Software
APPN,Appian Corporation Class A Common Stock,$178.34,-8.64,-4.621%,12607935340.00,United States,2017,664665,Technology,Computer Software: Prepackaged Software
APXT,Apex Technology Acquisition Corporation Class A Common Stock,$12.92,-0.44,-3.293%,575715200.00,United States,2019,719363,Technology,Computer Software: Prepackaged Software
APXTU,Apex Technology Acquisition Corporation Unit,$15.04,-0.4531,-2.925%,0.00,United States,2019,379,Technology,Computer Software: Prepackaged Software
APXTW,Apex Technology Acquisition Corporation Warrant,$3.43,-0.0699,-1.997%,0.00,United States,2019,138293,Technology,Computer Software: Prepackaged Software
AQUA,Evoqua Water Technologies Corp. Common Stock,$25.43,-0.66,-2.53%,3042723887.00,United States,2017,1222444,Technology,Industrial Machinery/Components
ARW,Arrow Electronics Inc. Common Stock,$101.58,-2.20,-2.12%,7578196408.00,United States,,446814,Technology,Electronic Components
ASAN,Asana Inc. Class A Common Stock,$35.13,-1.84,-4.977%,5591305168.00,,2020,898346,Technology,Computer Software: Prepackaged Software
ASGN,ASGN Incorporated Common Stock,$92.31,-3.33,-3.482%,4883199000.00,United States,1992,169308,Technology,Professional Services
ASML,ASML Holding N.V. New York Registry Shares,$563.14,-20.41,-3.498%,234555713107.00,Netherlands,1995,696070,Technology,Industrial Machinery/Components
ASUR,Asure Software Inc Common Stock,$7.96,-0.15,-1.85%,150933986.00,United States,,27240,Technology,EDP Services
ASX,ASE Technology Holding Co. Ltd. American Depositary Shares (each representing Two Common Shares) ,$7.49,-0.22,-2.853%,16020115635.00,,2018,3719570,Technology,Semiconductors
ASYS,Amtech Systems Inc. Common Stock,$9.97,-0.19,-1.87%,140986986.00,United States,,160549,Technology,Industrial Machinery/Components
ATEN,A10 Networks Inc. Common Stock,$9.55,-0.09,-0.934%,729104300.00,,2014,608795,Technology,Computer Communications Equipment
ATHM,Autohome Inc. American Depositary Shares each representing four class A ordinary shares.,$118.00,1.49,1.279%,3512778816.00,,2013,466975,Technology,EDP Services
ATOM,Atomera Incorporated Common Stock,$27.74,0.41,1.50%,627552866.00,United States,2016,1444060,Technology,Semiconductors
ATVI,Activision Blizzard Inc. Common Stock,$96.75,-1.97,-1.996%,74957446114.00,United States,,3984454,Technology,Computer Software: Prepackaged Software
AUTO,AutoWeb Inc. Common Stock,$2.71,-0.11,-3.901%,35688543.00,United States,,302319,Technology,Computer Software: Programming Data Processing
AUUD,Auddia Inc. Common Stock,$3.40,0.1299,3.972%,38392219.00,United States,2021,348140,Technology,EDP Services
AUUDW,Auddia Inc. Warrants,$1.03,0.0599,6.175%,0.00,United States,2021,24969,Technology,EDP Services
AVCT,American Virtual Cloud Technologies Inc. Common Stock ,$6.22,-0.79,-11.27%,122134863.00,United States,2017,81491,Technology,EDP Services
AVCTW,American Virtual Cloud Technologies Inc. Warrant expiring 4/7/2025,$0.93,-0.10,-9.709%,0.00,United States,2017,117956,Technology,EDP Services
AVGO,Broadcom Inc. Common Stock,$480.51,-9.07,-1.853%,196156841997.00,United States,2009,1852943,Technology,Semiconductors
AVGOP,Broadcom Inc. 8.00% Mandatory Convertible Preferred Stock Series A,$1540.63,-14.37,-0.924%,0.00,United States,,6811,Technology,Semiconductors
AVID,Avid Technology Inc. Common Stock,$20.18,-0.65,-3.12%,892119841.00,United States,1993,193239,Technology,Computer Software: Prepackaged Software
AVLR,Avalara Inc. Common Stock,$157.12,-5.98,-3.666%,13287775252.00,United States,2018,602551,Technology,Computer Software: Prepackaged Software
AVNW,Aviat Networks Inc. Common Stock,$65.53,-2.47,-3.632%,364603547.00,United States,,181125,Technology,Radio And Television Broadcasting And Communications Equipment
AVT,Avnet Inc. Common Stock,$38.79,-0.65,-1.648%,3857874811.00,United States,,579773,Technology,Electronic Components
AWRE,Aware Inc. Common Stock,$4.59,0.07,1.549%,98658461.00,United States,1996,37448,Technology,Computer Software: Prepackaged Software
AXTI,AXT Inc Common Stock,$13.10,-0.68,-4.935%,541030000.00,United States,1998,404385,Technology,Semiconductors
AYX,Alteryx Inc. Class A Common Stock,$93.14,-3.04,-3.161%,6227698058.00,United States,2017,2846757,Technology,Computer Software: Prepackaged Software
AZPN,Aspen Technology Inc. Common Stock,$151.61,-2.05,-1.334%,10284680849.00,United States,1994,204677,Technology,EDP Services
BAND,Bandwidth Inc. Class A Common Stock,$148.13,-6.00,-3.893%,3588005156.00,United States,2017,583038,Technology,Computer Software: Prepackaged Software
BB,BlackBerry Limited Common Stock,$10.50,-0.41,-3.758%,5907657966.00,Canada,,12370366,Technology,Computer Software: Prepackaged Software
BBSI,Barrett Business Services Inc. Common Stock,$74.61,1.32,1.801%,570492234.00,United States,1993,50757,Technology,Professional Services
BCOV,Brightcove Inc. Common Stock,$22.70,-0.05,-0.22%,910139747.00,United States,2012,258544,Technology,EDP Services
BDR,Blonder Tongue Laboratories Inc. Common Stock,$1.62,0.01,0.621%,18793097.00,United States,,229614,Technology,Radio And Television Broadcasting And Communications Equipment
BEEM,Beam Global Common Stock,$40.40,-3.30,-7.551%,322089687.00,United States,,270214,Technology,Semiconductors
BEEMW,Beam Global Warrant,$34.50,-2.50,-6.757%,0.00,United States,,4187,Technology,Semiconductors
BGSF,BGSF Inc. Common Stock,$14.34,-0.07,-0.486%,147946038.00,United States,,35737,Technology,Professional Services
BHE,Benchmark Electronics Inc. Common Stock,$29.35,-0.37,-1.245%,1070527602.00,United States,,268778,Technology,Electrical Products
BIDU,Baidu Inc. ADS,$301.93,6.35,2.148%,102980967985.00,China,2005,10475807,Technology,Computer Software: Programming Data Processing
BIGC,BigCommerce Holdings Inc. Series 1 Common Stock,$62.01,-0.68,-1.085%,4310501130.00,United States,2020,1644370,Technology,Computer Software: Prepackaged Software
BILI,Bilibili Inc. American Depositary Shares,$137.94,-6.73,-4.652%,47648179827.00,China,2018,4710374,Technology,EDP Services
BILL,Bill.com Holdings Inc. Common Stock,$163.00,-8.48,-4.945%,13411992895.00,,2019,1098273,Technology,Computer Software: Prepackaged Software
BKI,Black Knight Inc. Common Stock ,$76.00,-1.53,-1.973%,11934227636.00,,2017,951809,Technology,Computer Software: Prepackaged Software
BKTI,BK Technologies Corporation Common Stock,$4.47,0.08,1.822%,55928488.00,United States,,19824,Technology,Radio And Television Broadcasting And Communications Equipment
BKYI,BIO-key International Inc. Common Stock,$4.07,-0.13,-3.095%,31695125.00,United States,,334823,Technology,Computer Communications Equipment
BL,BlackLine Inc. Common Stock,$124.06,-3.54,-2.774%,7103051826.00,United States,2016,575115,Technology,Computer Software: Prepackaged Software
BLCT,BlueCity Holdings Limited American Depositary Shares,$12.15,-1.21,-9.057%,433163781.00,China,2020,269915,Technology,EDP Services
BLIN,Bridgeline Digital Inc. Common Stock,$3.03,-0.02,-0.656%,16099914.00,United States,,51654,Technology,Computer Software: Prepackaged Software
BLKB,Blackbaud Inc. Common Stock,$70.53,0.11,0.156%,3412342963.00,United States,2004,358177,Technology,Computer Software: Prepackaged Software
BMBL,Bumble Inc. Class A Common Stock,$67.87,-6.64,-8.912%,7828371897.00,United States,2021,1415691,Technology,Computer Software: Programming Data Processing
BNFT,Benefitfocus Inc. Common Stock,$14.90,-0.27,-1.78%,479799072.00,United States,2013,205934,Technology,Computer Software: Prepackaged Software
BOSC,B.O.S. Better Online Solutions Common Stock,$3.07,-0.04,-1.286%,13256260.00,Israel,,20872,Technology,Computer Communications Equipment
BOX,Box Inc. Class A Common Stock,$18.75,-0.23,-1.212%,2974561631.00,United States,2015,4003494,Technology,Computer Software: Prepackaged Software
BRKS,Brooks Automation Inc.,$83.29,-6.08,-6.803%,6181793878.00,United States,1995,541225,Technology,Industrial Machinery/Components
BRQS,Borqs Technologies Inc. Ordinary Shares,$1.61,-0.12,-6.936%,71070486.00,China,2015,4159552,Technology,EDP Services
BSY,Bentley Systems Incorporated Class B Common Stock,$45.97,1.47,3.303%,12484531589.00,United States,2020,699530,Technology,Computer Software: Prepackaged Software
BTRS,BTRS Holdings Inc. Class 1 Common Stock,$17.65,-0.20,-1.12%,2563880989.00,United States,2019,347057,Technology,EDP Services
BTRSW,BTRS Holdings Inc. Warrants,$6.47,0.02,0.31%,0.00,United States,2019,36669,Technology,EDP Services
CACI,CACI International Inc. Class A Common Stock,$218.72,-8.20,-3.614%,5518583156.00,United States,,288363,Technology,EDP Services
CAI,CAI International Inc. Common Stock,$44.29,0.94,2.168%,760582382.00,United States,,192379,Technology,Diversified Commercial Services
CAMP,CalAmp Corp. Common Stock,$11.74,-0.08,-0.677%,411307636.00,United States,1983,196610,Technology,Radio And Television Broadcasting And Communications Equipment
CAN,Canaan Inc. American Depositary Shares,$21.34,-0.91,-4.09%,3341308387.00,China,2019,16162680,Technology,Semiconductors
CANG,Cango Inc. American Depositary Shares  each representing two (2) Class A Ordinary Shares,$9.86,1.70,20.833%,1488597616.00,,2018,1409642,Technology,Computer Software: Prepackaged Software
CARG,CarGurus Inc. Class A Common Stock ,$26.20,-0.21,-0.795%,3060156620.00,United States,2017,1256085,Technology,EDP Services
CARS,Cars.com Inc. Common Stock ,$14.15,-0.03,-0.212%,953515098.00,,2017,1053597,Technology,EDP Services
CASA,Casa Systems Inc. Common Stock,$8.02,-0.47,-5.536%,669864100.00,United States,2017,544472,Technology,Radio And Television Broadcasting And Communications Equipment
CCMP,CMC Materials Inc. Common Stock,$168.53,-9.19,-5.171%,4915470187.00,United States,2000,157033,Technology,Semiconductors
CCRN,Cross Country Healthcare Inc. Common Stock $0.0001 Par Value,$11.29,-0.57,-4.806%,424090605.00,United States,2001,188766,Technology,Professional Services
CCX,Churchill Capital Corp II Class A Common Stock,$10.03,-0.02,-0.199%,865087500.00,,2019,1551460,Technology,Computer Software: Prepackaged Software
CDAY,Ceridian HCM Holding Inc. Common Stock,$89.63,-3.29,-3.541%,13247583159.00,United States,2018,1929259,Technology,Computer Software: Prepackaged Software
CDLX,Cardlytics Inc. Common Stock,$134.00,-7.28,-5.153%,3680229466.00,United States,2018,777679,Technology,Computer Software: Programming Data Processing
CDNS,Cadence Design Systems Inc. Common Stock,$142.15,-5.29,-3.588%,39656154100.00,United States,,2813607,Technology,Computer Software: Prepackaged Software
CERN,Cerner Corporation Common Stock,$69.61,-0.54,-0.77%,21321146849.00,United States,1986,2759508,Technology,EDP Services
CERT,Certara Inc. Common Stock,$35.49,-0.48,-1.334%,5429241710.00,United States,2020,1479192,Technology,Computer Software: Prepackaged Software
CEVA,CEVA Inc. Common Stock,$62.24,-2.07,-3.219%,1384853506.00,United States,,1051756,Technology,Computer Software: Programming Data Processing
CGNT,Cognyte Software Ltd. Ordinary Shares,$30.10,-0.70,-2.273%,1979777384.00,Israel,,298805,Technology,Computer Software: Prepackaged Software
CHKP,Check Point Software Technologies Ltd. Ordinary Shares,$111.24,-1.79,-1.584%,15595858234.00,Israel,1996,1716679,Technology,Computer Software: Prepackaged Software
CHNG,Change Healthcare Inc. Common Stock,$22.71,-0.33,-1.432%,6921369440.00,United States,2019,1796076,Technology,EDP Services
CHNGU,Change Healthcare Inc. Tangible Equity Units,$77.40,-0.60,-0.769%,0.00,United States,2019,296,Technology,EDP Services
CHX,ChampionX Corporation Common Stock ,$21.86,-0.96,-4.207%,4368356616.00,United States,,1966409,Technology,Industrial Machinery/Components
CIH,China Index Holdings Limited American Depository Shares,$2.30,0.10,4.545%,207110708.00,China,,96628,Technology,EDP Services
CLDR,Cloudera Inc. Common Stock,$16.24,-0.39,-2.345%,4655828061.00,Canada,2017,2417840,Technology,Computer Software: Prepackaged Software
CLGX,CoreLogic Inc. Common Stock,$83.56,-1.85,-2.166%,6112591147.00,United States,,1979254,Technology,EDP Services
CLPS,CLPS Incorporation Common Stock,$4.75,0.04,0.849%,76442928.00,China,2018,1307387,Technology,Computer Software: Prepackaged Software
CLS,Celestica Inc. Common Stock,$8.42,-0.05,-0.59%,1087022000.00,Canada,1998,271406,Technology,Electrical Products
CLSK,CleanSpark Inc. Common Stock,$29.20,0.74,2.60%,699751516.00,United States,,1811548,Technology,EDP Services
CLVT,Clarivate Plc Ordinary Shares,$23.10,-0.43,-1.827%,13997600024.00,,2019,2887572,Technology,EDP Services
CMBM,Cambium Networks Corporation Ordinary Shares,$44.63,-1.87,-4.022%,1161925492.00,Cayman Islands,2019,230910,Technology,Radio And Television Broadcasting And Communications Equipment
CMCM,Cheetah Mobile Inc. American Depositary Shares each representing 10 Class Ordinary Shares,$2.79,-0.13,-4.452%,390061569.00,,2014,544771,Technology,Computer Software: Prepackaged Software
CMTL,Comtech Telecommunications Corp. Common Stock,$27.80,-0.79,-2.763%,695300323.00,United States,,147105,Technology,Radio And Television Broadcasting And Communications Equipment
CNET,ZW Data Action Technologies Inc. Common Stock,$3.13,-0.10,-3.096%,97890484.00,China,,1595203,Technology,Computer Software: Programming Data Processing
COMM,CommScope Holding Company Inc. Common Stock,$14.85,-0.36,-2.367%,2982365075.00,United States,2013,1539796,Technology,Radio And Television Broadcasting And Communications Equipment
COUP,Coupa Software Incorporated Common Stock,$340.16,-10.83,-3.086%,24551454831.00,United States,2016,748140,Technology,Computer Software: Prepackaged Software
CPSI,Computer Programs and Systems Inc. Common Stock,$30.92,-0.15,-0.483%,447229972.00,United States,2002,70519,Technology,EDP Services
CREE,Cree Inc. Common Stock,$114.11,-4.33,-3.656%,13149872880.00,United States,1993,1027525,Technology,Semiconductors
CREX,Creative Realities Inc. Common Stock,$2.69,-0.02,-0.738%,31590464.00,United States,,406099,Technology,EDP Services
CREXW,Creative Realities Inc. Warrant,$0.3001,-0.0149,-4.73%,0.00,United States,,256,Technology,EDP Services
CRM,Salesforce.com Inc Common Stock,$213.47,-4.07,-1.871%,195908782861.00,United States,2004,10194886,Technology,Computer Software: Prepackaged Software
CRNC,Cerence Inc. Common Stock,$112.26,-5.46,-4.638%,4233628600.00,United States,,550688,Technology,Computer Software: Prepackaged Software
CRNT,Ceragon Networks Ltd. Ordinary Shares,$4.22,-0.27,-6.013%,351451964.00,Israel,,2291608,Technology,Radio And Television Broadcasting And Communications Equipment
CRSR,Corsair Gaming Inc. Common Stock,$35.45,-1.50,-4.06%,3258712500.00,United States,2020,1557599,Technology,Computer peripheral equipment
CRTO,Criteo S.A. American Depositary Shares,$34.46,-0.41,-1.176%,2089639582.00,France,2013,1030891,Technology,Advertising
CRUS,Cirrus Logic Inc. Common Stock,$80.91,-2.42,-2.904%,4696424429.00,United States,1989,1214863,Technology,Semiconductors
CRWD,CrowdStrike Holdings Inc. Class A Common Stock,$222.10,-1.30,-0.582%,49142676432.00,United States,2019,2537110,Technology,Computer Software: Prepackaged Software
CSCO,Cisco Systems Inc. Common Stock (DE),$45.515,-0.405,-0.882%,192154569172.00,United States,1990,14827087,Technology,Computer Communications Equipment
CSGS,CSG Systems International Inc. Common Stock,$45.59,-0.84,-1.809%,1488174128.00,United States,1996,145471,Technology,EDP Services
CSIQ,Canadian Solar Inc. Common Shares (BC),$47.94,-1.65,-3.327%,2830458475.00,China,2006,1446243,Technology,Semiconductors
CSLT,Castlight Health Inc. Class B Common Stock,$2.01,0.15,8.065%,316820234.00,,2014,2548960,Technology,EDP Services
CSOD,Cornerstone OnDemand Inc. Common Stock,$51.42,-1.20,-2.281%,3347394437.00,United States,2011,400868,Technology,Computer Software: Prepackaged Software
CSPI,CSP Inc. Common Stock,$8.46,0.34,4.187%,37003752.00,United States,1982,39217,Technology,EDP Services
CTG,Computer Task Group Inc. Common Stock,$8.76,-0.14,-1.573%,133046486.00,United States,,93519,Technology,EDP Services
CTK,CooTek (Cayman) Inc. American Depositary Shares each representing 50 Class A Ordinary Shares,$3.77,-0.41,-9.809%,228857303.00,,2018,366577,Technology,EDP Services
CTS,CTS Corporation Common Stock,$32.08,-0.96,-2.906%,1035155868.00,United States,,148195,Technology,Electrical Products
CTSH,Cognizant Technology Solutions Corporation Class A Common Stock,$74.95,0.12,0.16%,39769538637.00,United States,1998,3068949,Technology,EDP Services
CTXS,Citrix Systems Inc. Common Stock,$136.72,-1.93,-1.392%,16811600755.00,United States,1995,796207,Technology,Computer Software: Prepackaged Software
CVLT,Commvault Systems Inc. Common Stock,$64.68,-2.38,-3.549%,3039805803.00,United States,2006,234397,Technology,Computer Software: Prepackaged Software
CVR,Chicago Rivet & Machine Co. Common Stock,$28.05,-0.56,-1.957%,27100003.00,United States,,11277,Technology,Industrial Machinery/Components
CVV,CVD Equipment Corporation Common Stock,$5.30,-0.10,-1.852%,35237039.00,United States,,45433,Technology,Industrial Machinery/Components
CW,Curtiss-Wright Corporation Common Stock,$113.44,-1.37,-1.193%,4707989829.00,United States,,182091,Technology,Industrial Machinery/Components
CYBR,CyberArk Software Ltd. Ordinary Shares,$147.80,-4.10,-2.699%,5724495747.00,Israel,2014,671890,Technology,Computer Software: Prepackaged Software
CYRN,CYREN Ltd. Ordinary Shares,$0.984,0.024,2.50%,73541943.00,United States,,4187296,Technology,Computer Software: Prepackaged Software
DADA,Dada Nexus Limited American Depositary Shares,$36.16,-0.53,-1.445%,8447234219.00,China,2020,865718,Technology,Computer Software: Programming Data Processing
DAVA,Endava plc American Depositary Shares (each representing one Class A Ordinary Share),$89.87,-0.08,-0.089%,4953395795.00,,2018,103801,Technology,EDP Services
DBX,Dropbox Inc. Class A Common Stock,$22.95,-0.20,-0.864%,9517754071.00,United States,2018,5358386,Technology,Computer Software: Prepackaged Software
DCBO,Docebo Inc. Common Shares,$45.78,-1.10,-2.346%,1496521556.00,Canada,,51243,Technology,Computer Software: Prepackaged Software
DCT,Duck Creek Technologies Inc. Common Stock,$49.52,0.06,0.121%,6488341757.00,United States,2020,973037,Technology,Computer Software: Prepackaged Software
DDD,3D Systems Corporation Common Stock,$31.17,-7.62,-19.644%,3869504114.00,United States,,7994342,Technology,Computer Software: Prepackaged Software
DDOG,Datadog Inc. Class A Common Stock,$93.51,-4.10,-4.20%,28476819955.00,United States,2019,3531374,Technology,Computer Software: Prepackaged Software
DELL,Dell Technologies Inc. Class C Common Stock ,$82.71,-0.38,-0.457%,62016320104.00,,2018,1488651,Technology,Computer Manufacturing
DGII,Digi International Inc. Common Stock,$23.46,-0.98,-4.01%,696980319.00,United States,1989,102485,Technology,Computer Communications Equipment
DGLY,Digital Ally Inc. Common Stock,$2.05,0.00,0.00%,82965942.00,United States,,7085818,Technology,Radio And Television Broadcasting And Communications Equipment
DIOD,Diodes Incorporated Common Stock,$77.90,-4.04,-4.93%,3449671563.00,United States,,763684,Technology,Semiconductors
DLHC,DLH Holdings Corp.,$10.62,-0.03,-0.282%,133216282.00,United States,,21118,Technology,Professional Services
DM,Desktop Metal Inc. Class A Common Stock,$19.82,-0.98,-4.712%,4593109058.00,,2019,2666170,Technology,Industrial Machinery/Components
DMRC,Digimarc Corporation Common Stock,$37.89,-0.96,-2.471%,625708791.00,United States,,72713,Technology,EDP Services
DOCU,DocuSign Inc. Common Stock,$232.59,-5.97,-2.503%,44484446558.00,United States,2018,3214974,Technology,Computer Software: Prepackaged Software
DOMO,Domo Inc. Class B Common Stock,$65.08,-3.10,-4.547%,1949098296.00,United States,2018,239622,Technology,Computer Software: Prepackaged Software
DOV,Dover Corporation Common Stock,$127.15,-0.22,-0.173%,18265001756.00,United States,,871389,Technology,Industrial Machinery/Components
DOX,Amdocs Limited Ordinary Shares,$77.60,0.33,0.427%,10152020000.00,Guernsey,,1046486,Technology,EDP Services
DOYU,DouYu International Holdings Limited ADS,$15.17,-0.08,-0.525%,4868759164.00,China,2019,3136538,Technology,Computer Software: Programming Data Processing
DQ,DAQO New Energy Corp. American Depositary Shares each representing five ordinary shares,$109.90,-7.56,-6.436%,7636272917.00,China,2010,2110197,Technology,Semiconductors
DRTT,DIRTT Environmental Solutions Ltd. Common Shares,$2.98,0.51,20.648%,252350465.00,Canada,,1423843,Technology,Computer Software: Prepackaged Software
DSGX,Descartes Systems Group Inc. (The) Common Stock,$59.88,-0.98,-1.61%,5058901022.00,Canada,,97580,Technology,Computer Software: Prepackaged Software
DSP,Viant Technology Inc. Class A Common Stock,$50.62,-2.11,-4.002%,2983317997.00,United States,2021,81197,Technology,Computer Software: Programming Data Processing
DSPG,DSP Group Inc. Common Stock,$15.50,-0.37,-2.331%,365755035.00,United States,1994,79867,Technology,Semiconductors
DT,Dynatrace Inc. Common Stock,$52.26,-1.09,-2.043%,14768352145.00,United States,2019,2981757,Technology,Computer Software: Prepackaged Software
DTSS,Datasea Inc. Common Stock,$3.57,-0.06,-1.653%,76649492.00,China,,17209,Technology,Computer Software: Prepackaged Software
DUOT,Duos Technologies Group Inc. Common Stock,$6.85,0.54,8.558%,24208003.00,United States,,59010,Technology,Computer Software: Prepackaged Software
DXC,DXC Technology Company Common Stock ,$25.71,-0.25,-0.963%,6545611560.00,,,1445261,Technology,EDP Services
EA,Electronic Arts Inc. Common Stock,$136.82,-0.28,-0.204%,39352993014.00,United States,,2717939,Technology,Computer Software: Prepackaged Software
EB,Eventbrite Inc. Class A Common Stock,$20.89,-0.65,-3.018%,1914481263.00,United States,2018,2177409,Technology,Computer Software: Programming Data Processing
EBIX,Ebix Inc. Common Stock,$24.74,-1.02,-3.96%,766013710.00,United States,,635152,Technology,EDP Services
EBON,Ebang International Holdings Inc. Class A Ordinary Shares,$7.23,-0.75,-9.398%,1005225487.00,China,2020,13166927,Technology,Semiconductors
ECOM          ,ChannelAdvisor Corporation Common Stock,$23.33,-0.55,-2.303%,677673276.00,United States,2013,178369,Technology,Computer Software: Prepackaged Software
EGAN,eGain Corporation Common Stock,$11.26,-0.31,-2.679%,349679480.00,United States,1999,170760,Technology,Computer Software: Prepackaged Software
EGHT,8x8 Inc Common Stock,$34.45,-0.60,-1.712%,3702905584.00,United States,,1098182,Technology,EDP Services
ELTK,Eltek Ltd. Ordinary Shares,$5.42,-0.32,-5.575%,23741053.00,Israel,1997,23971,Technology,Electrical Products
ELYS,Elys Game Technology Corp. Common Stock,$6.80,0.18,2.719%,113322673.00,Canada,,1458355,Technology,Computer Software: Prepackaged Software
EMAN,eMagin Corporation Common Stock,$4.84,0.32,7.08%,326698074.00,United States,,7204889,Technology,Semiconductors
EMKR,EMCORE Corporation Common Stock,$7.09,-0.24,-3.274%,258345037.00,United States,1997,640114,Technology,Semiconductors
ENPH,Enphase Energy Inc. Common Stock,$171.69,-14.76,-7.916%,22151668886.00,United States,2012,3339019,Technology,Semiconductors
ENVB,Enveric Biosciences Inc. Common Stock,$3.59,-0.02,-0.554%,65827590.00,United States,,520577,Technology,Semiconductors
EPAC,Enerpac Tool Group Corp. Common Stock,$25.16,-0.05,-0.198%,1506356071.00,United States,,263289,Technology,Industrial Machinery/Components
EPAM,EPAM Systems Inc. Common Stock,$387.29,2.64,0.686%,21730169952.00,United States,2012,262431,Technology,EDP Services
EPAY,Bottomline Technologies Inc. Common Stock,$44.39,-0.01,-0.023%,1998429410.00,United States,1999,417459,Technology,Computer Software: Prepackaged Software
ERIC,Ericsson American Depositary Shares,$12.75,-0.04,-0.313%,42433374131.00,Sweden,,4618566,Technology,Radio And Television Broadcasting And Communications Equipment
ERII,Energy Recovery Inc. Common Stock,$16.74,-1.53,-8.374%,939118670.00,United States,2008,671279,Technology,Industrial Machinery/Components
ESSC,East Stone Acquisition Corporation Ordinary Shares,$10.005,0.005,0.05%,177123518.00,United States,2020,82602,Technology,Computer Software: Programming Data Processing
ESSCR,East Stone Acquisition Corporation Right,$0.3499,-0.0201,-5.432%,0.00,United States,2020,58088,Technology,Computer Software: Programming Data Processing
ESSCU,East Stone Acquisition Corporation Unit,$10.61,-0.045,-0.422%,0.00,United States,2020,1185,Technology,Computer Software: Programming Data Processing
ESSCW,East Stone Acquisition Corporation Warrant,$0.37,-0.0612,-14.193%,0.00,United States,2020,155940,Technology,Computer Software: Programming Data Processing
ESTC,Elastic N.V. Ordinary Shares,$142.42,-2.43,-1.678%,12767232355.00,United States,2018,1273124,Technology,Computer Software: Prepackaged Software
ETN,Eaton Corporation PLC Ordinary Shares,$133.97,-0.27,-0.201%,53333457000.00,Ireland,,1936472,Technology,Industrial Machinery/Components
ETWO,E2open Parent Holdings Inc.Class A Common Stock,$9.35,-0.42,-4.299%,2082067275.00,,2020,782447,Technology,EDP Services
EVBG,Everbridge Inc. Common Stock,$153.48,-4.86,-3.069%,5440226295.00,United States,2016,332348,Technology,Computer Software: Prepackaged Software
EVER,EverQuote Inc. Class A Common Stock,$47.42,-2.15,-4.337%,1317158216.00,United States,2018,190498,Technology,Computer Software: Programming Data Processing
EVOL,Evolving Systems Inc. Common Stock,$3.24,0.23,7.641%,39513226.00,United States,1998,175718,Technology,EDP Services
EVTC,Evertec Inc. Common Stock,$36.03,-0.73,-1.986%,2590808597.00,Puerto Rico,2013,872145,Technology,EDP Services
EXTN,Exterran Corporation Common Stock,$5.36,-0.14,-2.545%,177560586.00,United States,2015,184729,Technology,Diversified Commercial Services
EXTR,Extreme Networks Inc. Common Stock,$9.08,-0.43,-4.522%,1116959284.00,United States,1999,758657,Technology,Computer Communications Equipment
FB,Facebook Inc. Class A Common Stock,$259.00,-5.91,-2.231%,737707801789.00,United States,2012,15149291,Technology,Computer Software: Programming Data Processing
FDS,FactSet Research Systems Inc. Common Stock,$310.92,-0.26,-0.084%,11808313774.00,United States,1996,243973,Technology,Computer Software: Programming Data Processing
FEYE,FireEye Inc. Common Stock,$19.74,-0.45,-2.229%,4629662588.00,United States,2013,3172003,Technology,Computer peripheral equipment
FFIV,F5 Networks Inc. Common Stock,$192.16,-1.96,-1.01%,11846821379.00,United States,1999,428067,Technology,Computer Communications Equipment
FISV,Fiserv Inc. Common Stock,$115.68,-1.00,-0.857%,77346007641.00,United States,1986,3232044,Technology,EDP Services
FIVN,Five9 Inc. Common Stock,$187.56,-10.23,-5.172%,12375502707.00,United States,2014,918996,Technology,EDP Services
FLEX,Flex Ltd. Ordinary Shares,$18.39,-0.62,-3.261%,9179779848.00,Singapore,1994,3627826,Technology,Electrical Products
FLOW,SPX FLOW Inc. Common Stock,$64.10,-0.01,-0.016%,2701779360.00,United States,2015,107913,Technology,Industrial Machinery/Components
FORM,FormFactor Inc. FormFactor Inc. Common Stock,$45.28,-3.11,-6.427%,3520516106.00,United States,2003,1133070,Technology,Semiconductors
FORTY,Formula Systems (1985) Ltd. American Depositary Shares,$83.80,-1.45,-1.701%,1281659575.00,Israel,,4743,Technology,EDP Services
FPAY,FlexShopper Inc. Common Stock,$2.76,-0.10,-3.497%,58953448.00,United States,,127090,Technology,Diversified Commercial Services
FROG,JFrog Ltd. Ordinary Shares,$53.51,-2.36,-4.224%,4931747598.00,United States,2020,730386,Technology,Computer Software: Prepackaged Software
FRSX,Foresight Autonomous Holdings Ltd. American Depositary Shares,$8.24,-0.82,-9.051%,528565693.00,Israel,,11823768,Technology,Computer Software: Prepackaged Software
FSLR,First Solar Inc. Common Stock,$83.19,-1.70,-2.003%,8816157499.00,United States,2006,1684689,Technology,Semiconductors
FSLY,Fastly Inc. Class A Common Stock,$70.90,-6.35,-8.22%,8047150000.00,,2019,7835313,Technology,Computer Software: Prepackaged Software
FSRV,FinServ Acquisition Corp. Class A Common Stock,$14.01,-0.16,-1.129%,447129150.00,United States,2019,589481,Technology,Diversified Commercial Services
FSRVU,FinServ Acquisition Corp. Unit,$14.8695,-1.4305,-8.776%,0.00,United States,2019,311,Technology,Diversified Commercial Services
FSRVW,FinServ Acquisition Corp. Warrant,$4.48,0.0533,1.204%,0.00,United States,2019,23932,Technology,Diversified Commercial Services
FTNT,Fortinet Inc. Common Stock,$173.35,0.09,0.052%,28289145809.00,United States,2009,1406537,Technology,Computer peripheral equipment
GAN,GAN Limited Ordinary Shares,$28.33,-0.32,-1.117%,989610132.00,United Kingdom,2020,741225,Technology,Computer Software: Programming Data Processing
GB,Global Blue Group Holding AG Ordinary Shares,$12.06,-0.23,-1.871%,2181271662.00,,2000,8270,Technology,EDP Services
GDDY,GoDaddy Inc. Class A Common Stock,$81.26,-3.52,-4.152%,13820427441.00,United States,2015,1563105,Technology,EDP Services
GDRX,GoodRx Holdings Inc. Class A Common Stock,$45.61,-0.52,-1.127%,17849801755.00,United States,2020,1890259,Technology,EDP Services
GDS,GDS Holdings Limited ADS,$102.63,-0.78,-0.754%,19181295454.00,China,2016,614761,Technology,Computer Software: Programming Data Processing
GDYN,Grid Dynamics Holdings Inc. Class A Common Stock,$15.61,-0.16,-1.015%,793629212.00,United States,2018,80990,Technology,Computer Software: Prepackaged Software
GDYNW,Grid Dynamics Holdings Inc. Warrant,$5.88,0.00,0.00%,0.00,United States,2018,6,Technology,Computer Software: Prepackaged Software
GEG,Great Elm Group Inc. Common Stock,$3.92,0.47,13.623%,103774548.00,United States,,4747723,Technology,Computer Software: Prepackaged Software
GFN,General Finance Corporation General Finance Corporation Common Stock,$10.63,-0.09,-0.84%,321320504.00,United States,,15796,Technology,Diversified Commercial Services
GFNCP,General Finance Corporation Cumulative Redeemable Perpetual Preferred Series C,$102.10,0.00,0.00%,0.00,United States,,210,Technology,Diversified Commercial Services
GFNSZ,General Finance Corporation 7.875% Senior Notes due 2025,$26.00,0.00,0.00%,0.00,United States,,14620,Technology,Diversified Commercial Services
GHM,Graham Corporation Common Stock,$15.57,0.23,1.499%,155523561.00,United States,,30053,Technology,Industrial Machinery/Components
GIGM,GigaMedia Limited Ordinary Shares,$3.40,-0.01,-0.293%,37577599.00,Taiwan,,16118,Technology,Computer Software: Programming Data Processing
GILT,Gilat Satellite Networks Ltd. Ordinary Shares,$14.06,-0.695,-4.71%,780959354.00,Israel,,1211171,Technology,Radio And Television Broadcasting And Communications Equipment
GLOB,Globant S.A. Common Shares,$231.35,-0.76,-0.327%,9152179857.00,,2014,269897,Technology,EDP Services
GLUU,Glu Mobile Inc. Common Stock,$12.56,-0.02,-0.159%,2182263990.00,United States,2007,4291933,Technology,EDP Services
GNOG,Golden Nugget Online Gaming Inc. Class A Common Stock,$16.20,0.84,5.469%,1106993709.00,United States,2019,3279320,Technology,Computer Software: Prepackaged Software
GNOGW,Golden Nugget Online Gaming Inc. Warrant,$4.64,0.79,20.519%,0.00,United States,2019,718995,Technology,Computer Software: Prepackaged Software
GOOG,Alphabet Inc. Class C Capital Stock,$2075.84,-5.67,-0.272%,1399399854674.00,United States,2004,1133612,Technology,Computer Software: Programming Data Processing
GOOGL,Alphabet Inc. Class A Common Stock,$2064.48,-5.18,-0.25%,1391741662159.00,United States,,1277523,Technology,Computer Software: Programming Data Processing
GRNQ,Greenpro Capital Corp. Common Stock,$2.31,-0.12,-4.938%,136759699.00,China,,932191,Technology,EDP Services
GRPN,Groupon Inc. Common Stock,$57.59,0.06,0.104%,1659320801.00,United States,2011,2025129,Technology,Advertising
GSIT,GSI Technology Common Stock,$7.65,-0.02,-0.261%,182054417.00,United States,2007,62560,Technology,Semiconductors
GSMG,Glory Star New Media Group Holdings Limited Ordinary Share,$3.82,-0.02,-0.521%,219932168.00,China,2018,72368,Technology,EDP Services
GSMGW,Glory Star New Media Group Holdings Limited Warrant expiring 2/13/2025,$0.16,-0.046,-22.33%,0.00,China,2018,386338,Technology,EDP Services
GSUM,Gridsum Holding Inc. American Depositary Shares,$1.88,0.00,0.00%,65824004.00,China,2016,24241,Technology,Computer Software: Prepackaged Software
GTEC,Greenland Technologies Holding Corporation Ordinary Shares,$12.20,-0.17,-1.374%,123904932.00,China,2018,82468,Technology,Industrial Machinery/Components
GTES,Gates Industrial Corporation plc Ordinary Shares,$15.49,0.02,0.129%,4505314008.00,,2018,3304533,Technology,Industrial Machinery/Components
GTYH,GTY Technology Holdings Inc. Common Stock,$7.85,-0.20,-2.484%,432777777.00,United States,2016,408645,Technology,EDP Services
GVP,GSE Systems Inc. Common Stock,$1.94,-0.09,-4.433%,40005541.00,United States,,188012,Technology,Computer Software: Prepackaged Software
GWRE,Guidewire Software Inc. Common Stock,$114.67,-0.98,-0.847%,9604091706.00,United States,2012,743733,Technology,Computer Software: Prepackaged Software
HCAT,Health Catalyst Inc Common Stock,$48.25,-0.29,-0.597%,2050551129.00,United States,2019,572562,Technology,Computer Software: Programming Data Processing
HHR,HeadHunter Group PLC American Depositary Shares,$35.08,0.49,1.417%,1765150529.00,Cyprus,2019,51752,Technology,Professional Services
HIMX,Himax Technologies Inc. American Depositary Shares,$13.70,-0.50,-3.521%,2358921225.00,Taiwan,2006,3566299,Technology,Semiconductors
HLIT,Harmonic Inc. Common Stock,$8.17,-0.045,-0.548%,802326680.00,United States,1995,504380,Technology,Radio And Television Broadcasting And Communications Equipment
HPE,Hewlett Packard Enterprise Company Common Stock,$14.50,-0.10,-0.685%,18755747245.00,United States,2015,13978418,Technology,Retail: Computer Software & Peripheral Equipment
HPQ,HP Inc. Common Stock,$30.04,0.46,1.555%,37447816477.00,United States,,10926672,Technology,Computer Manufacturing
HQI,HireQuest Inc. Common Stock (DE),$15.87,0.52,3.388%,215910541.00,United States,,30422,Technology,Professional Services
HSII,Heidrick & Struggles International Inc. Common Stock,$35.19,-1.31,-3.589%,681263831.00,United States,1999,75261,Technology,Diversified Commercial Services
HSON,Hudson Global Inc. Common Stock,$14.73,-0.52,-3.41%,39549623.00,United States,,414,Technology,Professional Services
HSTM,HealthStream Inc. Common Stock,$22.50,-0.73,-3.142%,712753628.00,United States,2000,104404,Technology,Computer Software: Programming Data Processing
HUBS,HubSpot Inc. Common Stock,$517.39,-9.22,-1.751%,23741797781.00,United States,2014,452883,Technology,Computer Software: Prepackaged Software
HUYA,HUYA Inc. American depositary shares each  representing one Class A ordinary share,$27.38,-0.17,-0.617%,6442445577.00,United States,2018,1219110,Technology,Computer Software: Programming Data Processing
IBEX,IBEX Limited Common Shares,$21.83,-0.66,-2.935%,401413686.00,Bermuda,2020,15526,Technology,EDP Services
IBM,International Business Machines Corporation Common Stock,$120.33,-0.41,-0.34%,107526176850.00,United States,,4522212,Technology,Computer Manufacturing
ICHR,Ichor Holdings Ordinary Shares,$45.04,-1.67,-3.575%,1256934748.00,United States,2016,289257,Technology,Semiconductors
ICLK,iClick Interactive Asia Group Limited American Depositary Shares,$16.13,-0.45,-2.714%,1457698553.00,Hong Kong,2017,1386249,Technology,Computer Software: Prepackaged Software
ID,PARTS iD Inc. Class A Common Stock,$7.20,-0.16,-2.174%,236688898.00,United States,2017,15892,Technology,Advertising
IDN,Intellicheck Inc. Common Stock,$13.07,-0.63,-4.599%,240615145.00,United States,1999,142764,Technology,Computer Software: Prepackaged Software
IEC,IEC Electronics Corp. Common Stock,$12.78,-0.09,-0.699%,135107706.00,United States,,124720,Technology,Electrical Products
IGC,India Globalization Capital Inc. Common Stock,$1.95,0.01,0.515%,88464330.00,United States,,13844454,Technology,Electronic Components
IMMR,Immersion Corporation Common Stock,$10.29,-0.28,-2.649%,278012648.00,United States,1999,740005,Technology,Computer peripheral equipment
IMOS,ChipMOS TECHNOLOGIES INC. American Depositary Shares,$26.98,-0.25,-0.918%,981046922.00,Taiwan,,2904,Technology,Semiconductors
INFO,IHS Markit Ltd. Common Shares,$91.73,-0.79,-0.854%,36379377005.00,Bermuda,1996,1580119,Technology,Computer Software: Programming Data Processing
INFY,Infosys Limited American Depositary Shares,$18.02,0.36,2.039%,76469520524.00,India,,10305740,Technology,EDP Services
INOD,Innodata Inc. Common Stock,$6.16,-0.14,-2.222%,152414983.00,United States,1993,130523,Technology,EDP Services
INOV,Inovalon Holdings Inc. Class A Common Stock,$25.12,-0.50,-1.952%,3903641820.00,United States,2015,2517354,Technology,EDP Services
INPX,Inpixon Common Stock,$1.36,-0.03,-2.158%,117547788.00,United States,2014,16653378,Technology,EDP Services
INS,Intelligent Systems Corporation Common Stock,$39.89,-1.60,-3.856%,354454442.00,United States,1992,31669,Technology,Computer Software: Prepackaged Software
INSE,Inspired Entertainment Inc. Common Stock,$8.63,-0.05,-0.576%,200374127.00,United States,2014,47992,Technology,Computer Software: Prepackaged Software
INTC,Intel Corporation Common Stock,$61.24,-1.64,-2.608%,248818120000.00,United States,,23296690,Technology,Semiconductors
INTU,Intuit Inc. Common Stock,$401.75,-4.66,-1.147%,110015171388.00,United States,1993,1198361,Technology,Computer Software: Prepackaged Software
INTZ,Intrusion Inc. Common Stock,$23.52,0.91,4.025%,409113442.00,United States,,128224,Technology,Computer Communications Equipment
INVE,Identiv Inc. Common Stock,$11.33,-0.32,-2.747%,204168583.00,United States,,84351,Technology,Computer peripheral equipment
IPDN,Professional Diversity Network Inc. Common Stock,$3.13,-0.02,-0.635%,40126109.00,United States,2013,729681,Technology,Computer Software: Programming Data Processing
IPG,Interpublic Group of Companies Inc. (The) Common Stock,$26.96,0.17,0.635%,10532676966.00,United States,,3842143,Technology,Advertising
IPGP,IPG Photonics Corporation Common Stock,$220.59,-8.18,-3.576%,11808975059.00,United States,2006,300451,Technology,Semiconductors
IPHI,Inphi Corporation Common Stock,$164.13,-4.39,-2.605%,8553204601.00,United States,2010,647741,Technology,Semiconductors
IR,Ingersoll Rand Inc. Common Stock,$46.80,-0.66,-1.391%,19591781461.00,United States,2017,1548461,Technology,Industrial Machinery/Components
ISSC,Innovative Solutions and Support Inc. Common Stock,$6.38,-0.10,-1.543%,110003143.00,United States,2000,27942,Technology,EDP Services
ISUN,iSun Inc. Common Stock,$14.05,-1.01,-6.707%,89257866.00,United States,2016,389487,Technology,Semiconductors
ITRN,Ituran Location and Control Ltd. Ordinary Shares,$21.41,-0.60,-2.726%,502608978.00,Israel,2005,36206,Technology,Electronic Components
ITW,Illinois Tool Works Inc. Common Stock,$206.50,0.06,0.029%,65390757310.00,United States,,778392,Technology,Industrial Machinery/Components
IVAC,Intevac Inc. Common Stock,$6.50,0.02,0.309%,156582537.00,United States,1995,61732,Technology,Industrial Machinery/Components
JAMF,Jamf Holding Corp. Common Stock,$38.91,-0.64,-1.618%,4536765340.00,United States,2020,365217,Technology,Computer Software: Prepackaged Software
JBL,Jabil Inc. Common Stock,$43.94,-1.22,-2.702%,6598733396.00,United States,1993,538679,Technology,Electrical Products
JBT,John Bean Technologies Corporation Common Stock,$145.22,-5.40,-3.585%,4607714569.00,United States,,103974,Technology,Industrial Machinery/Components
JCOM,j2 Global Inc. Common Stock,$112.92,-0.91,-0.799%,5054139192.00,United States,1999,305455,Technology,Telecommunications Equipment
JG,Aurora Mobile Limited American Depositary Shares,$5.96,0.16,2.759%,689709241.00,China,2018,3390059,Technology,Computer Software: Programming Data Processing
JKHY,Jack Henry & Associates Inc. Common Stock,$151.67,-0.44,-0.289%,11538639389.00,United States,1985,595171,Technology,EDP Services
JKS,JinkoSolar Holding Company Limited American Depositary Shares (each representing 4 Common Shares),$51.04,-2.37,-4.437%,2311798053.00,China,2010,1250267,Technology,Semiconductors
JNPR,Juniper Networks Inc. Common Stock,$23.80,-0.17,-0.709%,7810495956.00,United States,1999,2810097,Technology,Computer Communications Equipment
JOB,GEE Group Inc. Common Stock,$1.82,0.04,2.247%,32154164.00,United States,,162424,Technology,Diversified Commercial Services
JOBS,51job Inc. American Depositary Shares,$67.27,1.27,1.924%,4534034124.00,China,2004,147983,Technology,Diversified Commercial Services
JT,Jianpu Technology Inc. American depositary shares,$2.35,-0.07,-2.893%,49665339.00,,2017,300427,Technology,Computer Software: Programming Data Processing
KAI,Kadant Inc Common Stock,$176.66,-4.03,-2.23%,2033278870.00,United States,,29249,Technology,Industrial Machinery/Components
KBNT,Kubient Inc. Common Stock,$7.50,-0.40,-5.063%,88170818.00,United States,2020,881514,Technology,EDP Services
KBNTW,Kubient Inc. Warrant,$3.3999,-0.3301,-8.85%,0.00,United States,2020,23519,Technology,EDP Services
KC,Kingsoft Cloud Holdings Limited American Depositary Shares,$63.88,2.88,4.721%,13926974892.00,China,2020,1553729,Technology,Computer Software: Prepackaged Software
KE,Kimball Electronics Inc. Common Stock,$24.15,-0.62,-2.503%,602713023.00,United States,,81840,Technology,Electrical Products
KELYA,Kelly Services Inc. Class A Common Stock,$21.03,-0.07,-0.332%,826512669.00,United States,,219312,Technology,Professional Services
KELYB,Kelly Services Inc. Class B Common Stock,$20.8248,0.2829,1.377%,818447981.00,United States,,1640,Technology,Professional Services
KERN,Akerna Corp. Common Stock,$5.86,-0.07,-1.18%,82384023.00,United States,2018,2214231,Technology,EDP Services
KERNW,Akerna Corp Warrant,$1.9599,0.0849,4.528%,0.00,United States,2018,21274,Technology,EDP Services
KFRC,Kforce Inc. Common Stock,$51.84,-0.73,-1.389%,1138203084.00,United States,1995,150702,Technology,Professional Services
KFY,Korn Ferry Common Stock,$60.64,-2.79,-4.399%,3274378080.00,United States,1999,428273,Technology,Diversified Commercial Services
KLIC,Kulicke and Soffa Industries Inc. Common Stock,$49.11,-2.96,-5.685%,3048600832.00,Singapore,,1435516,Technology,Semiconductors
KLR,Kaleyra Inc. Common Stock,$20.00,0.77,4.004%,605773740.00,United States,2018,1140652,Technology,EDP Services
KOPN,Kopin Corporation Common Stock,$9.91,0.71,7.717%,842875626.00,United States,1992,14958751,Technology,Semiconductors
KTCC,Key Tronic Corporation Common Stock,$8.28,-0.02,-0.241%,89090150.00,United States,1983,27400,Technology,Electrical Products
KVHI,KVH Industries Inc. Common Stock,$13.75,-0.53,-3.711%,251661561.00,United States,1996,73174,Technology,Radio And Television Broadcasting And Communications Equipment
LASR,nLIGHT Inc. Common Stock,$37.72,-3.32,-8.09%,1484885181.00,United States,2018,245599,Technology,Semiconductors
LCY,Landcadia Holdings III Inc. Class A Common Stock,$10.23,0.00,0.00%,639375000.00,United States,2020,1023271,Technology,Computer Software: Prepackaged Software
LDOS,Leidos Holdings Inc. Common Stock,$90.04,-2.40,-2.596%,12776203560.00,United States,,1214013,Technology,EDP Services
LEAF,Leaf Group Ltd. Common Stock,$5.78,0.51,9.677%,205807385.00,United States,,371990,Technology,EDP Services
LECO,Lincoln Electric Holdings Inc. Common Shares,$119.48,-0.88,-0.731%,7128420061.00,United States,,153202,Technology,Industrial Machinery/Components
LEDS,SemiLEDS Corporation Common Stock,$5.17,-0.27,-4.963%,20738540.00,Taiwan,2010,104186,Technology,Semiconductors
LINX,Linx S.A. American Depositary Shares each representing one common share,$6.76,-0.19,-2.734%,1187686187.00,,2019,32573,Technology,Computer Software: Prepackaged Software
LIQT,LiqTech International Inc. Common Stock,$11.12,-0.11,-0.98%,240808726.00,Denmark,,69623,Technology,Industrial Machinery/Components
LIZI,LIZHI INC. American Depositary Shares,$8.94,-0.97,-9.788%,412445881.00,China,2020,1347991,Technology,Computer Software: Programming Data Processing
LKCO,Luokung Technology Corp Ordinary Shares,$1.22,-0.30,-19.737%,387773055.00,China,,29176335,Technology,EDP Services
LOGI,Logitech International S.A. Ordinary Shares,$107.55,0.07,0.065%,18167488611.00,United States,1997,617271,Technology,Computer peripheral equipment
LORL,Loral Space and Communications Inc. Common Stock,$47.65,-0.14,-0.293%,1473945585.00,United States,,308547,Technology,Radio And Television Broadcasting And Communications Equipment
LPSN,LivePerson Inc. Common Stock,$64.70,-3.26,-4.797%,4327471275.00,United States,2000,932052,Technology,Computer Software: Prepackaged Software
LPTH,LightPath Technologies Inc. Class A Common Stock,$3.96,-0.28,-6.604%,105167573.00,United States,1996,789124,Technology,Semiconductors
LRCX,Lam Research Corporation Common Stock,$573.36,-25.45,-4.25%,81937911488.00,United States,1984,1462140,Technology,Industrial Machinery/Components
LSCC,Lattice Semiconductor Corporation Common Stock,$49.66,-1.62,-3.159%,6761500504.00,United States,,1786180,Technology,Semiconductors
LSPD,Lightspeed POS Inc. Subordinate Voting Shares,$71.44,-0.72,-0.998%,8491648232.00,,,617278,Technology,Computer Software: Prepackaged Software
LTRPA,Liberty TripAdvisor Holdings Inc. Series A Common Stock,$5.78,0.31,5.667%,434661323.00,United States,,1814176,Technology,EDP Services
LTRPB,Liberty TripAdvisor Holdings Inc. Series B Common Stock,$30.9587,-0.6713,-2.122%,2328122753.00,United States,,1904,Technology,EDP Services
LTRX,Lantronix Inc. Common Stock,$4.73,-0.10,-2.07%,136106530.00,United States,2000,85327,Technology,Computer Communications Equipment
MAN,ManpowerGroup Common Stock,$94.65,-2.63,-2.704%,5205263310.00,United States,,471069,Technology,Professional Services
MANH,Manhattan Associates Inc. Common Stock,$126.70,-3.17,-2.441%,8083728857.00,United States,1998,282231,Technology,Computer Software: Prepackaged Software
MARA,Marathon Patent Group Inc. Common Stock,$34.89,-3.61,-9.377%,3277730513.00,United States,,17152175,Technology,EDP Services
MAXN,Maxeon Solar Technologies Ltd. Ordinary Shares,$33.54,-2.01,-5.654%,1123499375.00,Singapore,,315952,Technology,Semiconductors
MAXR,Maxar Technologies Inc.,$50.34,-1.78,-3.415%,3087149330.00,,,740121,Technology,Radio And Television Broadcasting And Communications Equipment
MCFE,McAfee Corp. Class A Common Stock,$21.52,0.17,0.796%,9217699798.00,United States,2020,2780962,Technology,Computer Software: Prepackaged Software
MCHP,Microchip Technology Incorporated Common Stock,$152.09,-6.01,-3.801%,40952059557.00,United States,1993,1659045,Technology,Semiconductors
MDB,MongoDB Inc. Class A Common Stock,$379.93,-15.11,-3.825%,22896982198.00,United States,2017,617340,Technology,Computer Software: Prepackaged Software
MDCA,MDC Partners Inc. CL A Subordinate Voting Shares,$3.25,0.00,0.00%,238978506.00,Canada,,188556,Technology,Advertising
MDLA,Medallia Inc. Common Stock,$42.05,-1.17,-2.707%,6326361822.00,United States,2019,655700,Technology,Computer Software: Programming Data Processing
MDRX,Allscripts Healthcare Solutions Inc. Common Stock,$15.16,-0.41,-2.633%,2395002284.00,United States,,6462391,Technology,EDP Services
MFGP,Micro Focus Intl PLC ADS each representing One Ord Sh,$6.06,0.05,0.832%,2029742963.00,,2017,439395,Technology,Computer Software: Prepackaged Software
MFH,Mercurity Fintech Holding Inc. ADS,$7.79,-0.64,-7.592%,129688746.00,China,2015,143922,Technology,EDP Services
MGIC,Magic Software Enterprises Ltd. Ordinary Shares,$15.86,-0.30,-1.856%,777695972.00,Israel,1991,23571,Technology,Computer Software: Prepackaged Software
MGNI,Magnite Inc. Common Stock,$50.73,-1.44,-2.76%,5862871173.00,United States,,3640653,Technology,Computer Software: Programming Data Processing
MGRC,McGrath RentCorp Common Stock,$76.90,-1.68,-2.138%,1855459195.00,United States,1984,95573,Technology,Diversified Commercial Services
MIDD,Middleby Corporation (The) Common Stock,$161.87,2.55,1.601%,9001955717.00,United States,,1001172,Technology,Industrial Machinery/Components
MIME,Mimecast Limited Ordinary Shares,$43.41,-1.25,-2.799%,2794854266.00,United Kingdom,2015,385491,Technology,Computer Software: Prepackaged Software
MITK,Mitek Systems Inc. Common Stock,$16.28,-0.32,-1.928%,694950514.00,United States,,478495,Technology,Computer peripheral equipment
MIXT,MiX Telematics Limited American Depositary Shares each representing 25 Ordinary Shares,$14.52,-0.02,-0.138%,320099978.00,South Africa,2013,87709,Technology,Computer Software: Prepackaged Software
MNDO,MIND C.T.I. Ltd. Ordinary Shares,$3.03,-0.01,-0.329%,60285868.00,Israel,,57600,Technology,EDP Services
MNTX,Manitex International Inc. Common Stock,$7.75,-0.31,-3.846%,153385009.00,United States,,8984,Technology,Industrial Machinery/Components
MODN,Model N Inc. Common Stock,$42.87,-0.27,-0.626%,1502565206.00,United States,2013,313080,Technology,Computer Software: Programming Data Processing
MOMO,Momo Inc. American Depositary Shares,$16.74,-0.16,-0.947%,3480257768.00,China,2014,3225790,Technology,Computer Software: Prepackaged Software
MOSY,MoSys Inc. Common Stock,$4.92,-0.38,-7.17%,29551901.00,United States,2001,571031,Technology,Semiconductors
MOXC,Moxian Inc. Common Stock,$2.195,0.065,3.052%,35540406.00,China,,71400,Technology,Computer Software: Programming Data Processing
MPWR,Monolithic Power Systems Inc. Common Stock,$370.58,-18.47,-4.747%,16775044860.00,United States,2004,354733,Technology,Semiconductors
MRAM,Everspin Technologies Inc. Common Stock,$5.82,-0.19,-3.161%,110612586.00,United States,2016,162143,Technology,Semiconductors
MRIN,Marin Software Incorporated Common Stock,$1.95,-0.12,-5.797%,18998269.00,United States,,3767803,Technology,EDP Services
MRVL,Marvell Technology Group Ltd. Common Stock,$47.83,-1.69,-3.413%,32132194000.00,Bermuda,2000,9711806,Technology,Semiconductors
MSFT,Microsoft Corporation Common Stock,$233.87,-3.07,-1.296%,1763898001428.00,United States,1986,22784171,Technology,Computer Software: Prepackaged Software
MSGM,Motorsport Games Inc. Class A Common Stock,$25.88,-1.10,-4.077%,451606000.00,United States,2021,28451,Technology,Computer Software: Prepackaged Software
MSI,Motorola Solutions Inc. Common Stock,$179.84,-2.61,-1.431%,30398048393.00,United States,,947144,Technology,Radio And Television Broadcasting And Communications Equipment
MSP,Datto Holding Corp. Common Stock,$24.41,0.11,0.453%,3929024739.00,United States,2020,416443,Technology,Computer Software: Prepackaged Software
MSTR,MicroStrategy Incorporated Common Stock Class A,$748.50,-33.94,-4.338%,7175885967.00,United States,1998,642166,Technology,Computer Software: Prepackaged Software
MTBC,MTBC Inc. Common Stock,$9.73,-0.21,-2.113%,128311660.00,United States,2014,97972,Technology,Computer Software: Prepackaged Software
MTBCP,MTBC Inc. 11% Series A Cumulative Redeemable Perpetual Preferred Stock,$27.33,-0.372,-1.343%,0.00,United States,,18835,Technology,Computer Software: Prepackaged Software
MTCH,Match Group Inc. Common Stock,$152.51,-4.01,-2.562%,40565104542.00,United States,,1944127,Technology,Computer Software: Programming Data Processing
MTLS,Materialise NV American Depositary Shares,$41.21,-4.34,-9.528%,2232315081.00,Belgium,2014,705546,Technology,Computer Software: Prepackaged Software
MTSI,MACOM Technology Solutions Holdings Inc. Common Stock,$64.91,-3.96,-5.75%,4436240846.00,United States,2012,620811,Technology,Semiconductors
MU,Micron Technology Inc. Common Stock,$91.09,-3.67,-3.873%,101899786206.00,United States,,18655362,Technology,Semiconductors
MX,MagnaChip Semiconductor Corporation Depositary Shares each representing one share of common stock,$18.83,-0.61,-3.138%,673800424.00,Luxembourg,2011,950915,Technology,Semiconductors
MXIM,Maxim Integrated Products Inc. Common Stock,$92.63,-2.55,-2.679%,24828644036.00,United States,1988,1172046,Technology,Semiconductors
MXL,MaxLinear Inc. Common Stock,$38.62,-2.48,-6.034%,2878877694.00,United States,2010,717165,Technology,Semiconductors
MYSZ,My Size Inc. Common Stock,$1.36,-0.04,-2.857%,11692381.00,Israel,,292926,Technology,Computer Software: Prepackaged Software
NATI,National Instruments Corporation Common Stock,$45.10,-0.59,-1.291%,5935478181.00,United States,1995,293570,Technology,Computer Software: Prepackaged Software
NCNO,nCino Inc. Common Stock,$70.21,-0.91,-1.28%,6480001268.00,United States,2020,652591,Technology,Computer Software: Prepackaged Software
NET,Cloudflare Inc. Class A Common Stock,$75.50,-1.40,-1.821%,23302320000.00,United States,2019,5202955,Technology,Computer Software: Prepackaged Software
NETE,Net Element Inc. Common Stock,$12.08,0.90,8.05%,58530149.00,United States,,716931,Technology,EDP Services
NEWR,New Relic Inc. Common Stock,$61.94,-1.61,-2.533%,3906316774.00,United States,2014,666791,Technology,Computer Software: Prepackaged Software
NH,NantHealth Inc. Common Stock,$3.91,-0.12,-2.978%,434847260.00,United States,2016,262877,Technology,EDP Services
NICE,NICE Ltd American Depositary Shares,$227.16,-3.37,-1.462%,14250268814.00,Israel,,503974,Technology,Computer Software: Prepackaged Software
NLOK,NortonLifeLock Inc. Common Stock,$19.94,0.28,1.424%,11603098921.00,United States,,7696426,Technology,Computer Software: Prepackaged Software
NNDM,Nano Dimension Ltd. American Depositary Shares,$9.61,-0.65,-6.335%,2391177527.00,Israel,,19977331,Technology,Electrical Products
NOK,Nokia Corporation Sponsored American Depositary Shares,$4.04,0.00,0.00%,22928863082.00,Finland,1994,28922674,Technology,Radio And Television Broadcasting And Communications Equipment
NOW,ServiceNow Inc. Common Stock,$549.30,-7.17,-1.288%,107717730000.00,United States,2012,1121396,Technology,Computer Software: Prepackaged Software
NPTN,NeoPhotonics Corporation Common Stock,$9.12,-0.30,-3.185%,457335670.00,United States,2011,758018,Technology,Semiconductors
NSCO,Nesco Holdings Inc. Common Stock,$8.30,0.17,2.091%,408001050.00,Cayman Islands,2017,109106,Technology,Diversified Commercial Services
NSP,Insperity Inc. Common Stock,$89.71,-0.88,-0.971%,3428061407.00,United States,,272067,Technology,Professional Services
NTAP,NetApp Inc. Common Stock,$63.72,-1.51,-2.315%,14234081814.00,United States,1995,2083076,Technology,Electronic Components
NTCT,NetScout Systems Inc. Common Stock,$28.03,-1.01,-3.478%,2058488527.00,United States,1999,486508,Technology,EDP Services
NTES,NetEase Inc. American Depositary Shares,$110.13,-0.46,-0.416%,75490600862.00,China,,3323065,Technology,Computer Software: Prepackaged Software
NTNX,Nutanix Inc. Class A Common Stock,$29.94,-0.77,-2.507%,6034328048.00,United States,2016,1335226,Technology,Computer Software: Prepackaged Software
NTWK,NetSol Technologies Inc. Common  Stock,$4.86,0.24,5.195%,55212122.00,United States,,48789,Technology,Computer Software: Prepackaged Software
NUAN,Nuance Communications Inc. Common Stock,$44.51,-1.45,-3.155%,12688022736.00,United States,,2210993,Technology,Computer Software: Prepackaged Software
NVDA,NVIDIA Corporation Common Stock,$536.25,-17.42,-3.146%,331938750000.00,United States,1999,6583949,Technology,Semiconductors
NVEC,NVE Corporation Common Stock,$71.835,-2.495,-3.357%,347195221.00,United States,,16475,Technology,Semiconductors
NVT,nVent Electric plc Ordinary Shares ,$27.15,-0.40,-1.452%,4566142576.00,,2018,1596233,Technology,Industrial Machinery/Components
NXGN,NextGen Healthcare Inc. Common Stock,$18.82,-0.46,-2.386%,1260988066.00,United States,,560186,Technology,EDP Services
NXPI,NXP Semiconductors N.V. Common Stock,$182.27,-5.03,-2.686%,50490284432.00,Netherlands,2010,2770575,Technology,Semiconductors
OBLG,Oblong Inc. Common Stock,$4.45,-0.01,-0.224%,118450919.00,United States,,140463,Technology,Computer Software: Programming Data Processing
OCFT,OneConnect Financial Technology Co. Ltd. American Depositary Shares each representing three ordinary shares,$18.45,-0.61,-3.20%,7195381071.00,China,2019,174055,Technology,Computer Software: Programming Data Processing
OEG,Orbital Energy Group Inc. Common Stock,$6.21,-0.67,-9.738%,287316195.00,United States,,2767734,Technology,Electronic Components
OIIM,O2Micro International Limited American Depositary Shares,$7.65,-0.35,-4.375%,208368558.00,Cayman Islands,,276197,Technology,Semiconductors
OKTA,Okta Inc. Class A Common Stock,$259.06,-10.75,-3.984%,33539483203.00,United States,2017,1392330,Technology,Computer Software: Prepackaged Software
OMC,Omnicom Group Inc. Common Stock,$71.64,0.59,0.83%,15403630900.00,United States,,1237326,Technology,Advertising
OMCL,Omnicell Inc. Common Stock ($0.001 par value),$127.02,-2.38,-1.839%,5467138189.00,United States,2001,189765,Technology,Computer Manufacturing
ON,ON Semiconductor Corporation Common Stock,$40.43,-1.84,-4.353%,16652351701.00,United States,,6268802,Technology,Semiconductors
ONDS,Ondas Holdings Inc. Common Stock,$12.31,-0.64,-4.942%,327901938.00,United States,,204156,Technology,Radio And Television Broadcasting And Communications Equipment
ONTF,ON24 Inc. Common Stock,$62.33,-1.07,-1.688%,2771995608.00,,2021,210270,Technology,Computer Software: Prepackaged Software
OOMA,Ooma Inc. Common Stock,$16.24,-0.04,-0.246%,368648000.00,,2015,212445,Technology,EDP Services
OPRA,Opera Limited American Depositary Shares,$12.46,0.26,2.131%,1433752650.00,Norway,2018,355050,Technology,Computer Software: Prepackaged Software
ORCL,Oracle Corporation Common Stock,$66.66,0.49,0.741%,196249306440.00,United States,1986,13280556,Technology,Computer Software: Prepackaged Software
OSIS,OSI Systems Inc. Common Stock (DE),$93.11,-1.89,-1.989%,1673383255.00,United States,1997,127499,Technology,Semiconductors
OSPN,OneSpan Inc. Common Stock,$25.42,0.19,0.753%,1032917017.00,United States,,256298,Technology,EDP Services
OSS,One Stop Systems Inc. Common Stock,$7.91,-0.96,-10.823%,131471382.00,United States,2018,1747888,Technology,Computer Manufacturing
OTEX,Open Text Corporation Common Shares,$46.01,0.23,0.502%,12550913398.00,Canada,1996,397110,Technology,EDP Services
PAGS,PagSeguro Digital Ltd. Class A Common Shares,$60.11,-1.58,-2.561%,19777174121.00,Cayman Islands,2018,1815862,Technology,EDP Services
PANW,Palo Alto Networks Inc. Common Stock,$354.66,-12.73,-3.465%,34488061580.00,United States,2012,1344989,Technology,Computer peripheral equipment
PAYC,Paycom Software Inc. Common Stock,$380.21,-6.74,-1.742%,22884285174.00,,2014,372337,Technology,Computer Software: Prepackaged Software
PBTS,Powerbridge Technologies Co. Ltd. Ordinary Shares,$3.48,-0.27,-7.20%,32014406.00,China,2019,338595,Technology,EDP Services
PCTI,PCTEL Inc. Common Stock,$7.75,0.04,0.519%,145078241.00,United States,1999,158437,Technology,Radio And Television Broadcasting And Communications Equipment
PCTY,Paylocity Holding Corporation Common Stock,$187.26,-7.65,-3.925%,10181959888.00,United States,2014,256922,Technology,Computer Software: Prepackaged Software
PCYG,Park City Group Inc. Common Stock,$6.20,-0.12,-1.899%,120649136.00,United States,,58230,Technology,EDP Services
PD,PagerDuty Inc. Common Stock,$46.63,-0.47,-0.998%,3820526138.00,,2019,1144076,Technology,Computer Software: Prepackaged Software
PDFS,PDF Solutions Inc. Common Stock,$17.90,-0.67,-3.608%,655675300.00,United States,2001,149110,Technology,Computer Software: Prepackaged Software
PEGA,Pegasystems Inc. Common Stock,$130.45,-5.63,-4.137%,10553488097.00,United States,1996,239913,Technology,EDP Services
PERI,Perion Network Ltd. Ordinary Shares,$25.69,4.10,18.99%,850094277.00,Israel,,5702603,Technology,EDP Services
PFIN,P & F Industries Inc. Class A Common Stock,$6.47,-0.30,-4.431%,20387358.00,United States,,6157,Technology,Industrial Machinery/Components
PFPT,Proofpoint Inc. Common Stock,$122.03,-2.26,-1.818%,7003835825.00,United States,2012,477765,Technology,EDP Services
PHUN,Phunware Inc. Common Stock,$1.75,-0.05,-2.778%,124090902.00,Greece,2016,3982005,Technology,EDP Services
PHUNW,Phunware Inc. Warrants,$0.3601,-0.0499,-12.171%,0.00,Greece,2016,12684,Technology,EDP Services
PING,Ping Identity Holding Corp. Common Stock,$24.62,-1.14,-4.425%,2003357639.00,United States,2019,1545824,Technology,Computer Software: Prepackaged Software
PINS,Pinterest Inc. Class A Common Stock,$81.17,-2.15,-2.58%,51016533085.00,,2019,8970783,Technology,Computer Software: Programming Data Processing
PIXY,ShiftPixy Inc. Common Stock,$3.00,-0.13,-4.153%,62706438.00,United States,2017,389162,Technology,Diversified Commercial Services
PLAB,Photronics Inc. Common Stock,$11.82,-0.35,-2.876%,749581257.00,United States,1987,436334,Technology,Semiconductors
PLAN,Anaplan Inc. Common Stock,$64.85,-1.04,-1.578%,9201697627.00,United States,2018,1247978,Technology,Computer Software: Prepackaged Software
PLTK,Playtika Holding Corp. Common Stock,$29.99,-0.65,-2.121%,12283475143.00,Israel,2021,2628500,Technology,EDP Services
PLTR,Palantir Technologies Inc. Class A Common Stock,$24.48,-0.33,-1.33%,45971818665.00,,2020,73570172,Technology,Computer Software: Prepackaged Software
PLUS,ePlus inc. Common Stock,$97.85,-1.15,-1.162%,1321302993.00,United States,1996,39176,Technology,Retail: Computer Software & Peripheral Equipment
PLXS,Plexus Corp. Common Stock,$85.77,-1.86,-2.123%,2471787790.00,United States,,108045,Technology,Electrical Products
PNR,Pentair plc. Ordinary Share,$57.70,-0.58,-0.995%,9581866893.00,Switzerland,,603197,Technology,Industrial Machinery/Components
POWI,Power Integrations Inc. Common Stock,$87.35,-4.00,-4.379%,5245704584.00,United States,1997,470728,Technology,Semiconductors
PRCH,Porch Group Inc. Common Stock,$19.09,-0.15,-0.78%,1555388084.00,United States,2020,1108856,Technology,Computer Software: Prepackaged Software
PRCHW,Porch Group Inc. Warrant,$7.50,-0.23,-2.975%,0.00,United States,2020,37920,Technology,Computer Software: Prepackaged Software
PRFT,Perficient Inc. Common Stock,$56.97,-1.18,-2.029%,1880484560.00,United States,1999,245344,Technology,EDP Services
PRG,PROG Holdings Inc. Common Stock,$48.51,-0.14,-0.288%,3285227643.00,United States,,973294,Technology,Diversified Commercial Services
PRGS,Progress Software Corporation Common Stock (DE),$42.87,-0.74,-1.697%,1895550680.00,United States,1991,191079,Technology,Computer Software: Prepackaged Software
PRO,PROS Holdings Inc. Common Stock,$46.90,-1.07,-2.231%,2074641526.00,United States,2007,291532,Technology,EDP Services
PRSP,Perspecta Inc. Common Stock ,$29.00,-0.20,-0.685%,4671056303.00,,2018,2214837,Technology,EDP Services
PS,Pluralsight Inc. Class A Common Stock,$21.18,0.66,3.216%,3163483581.00,United States,2018,4902976,Technology,Computer Software: Programming Data Processing
PSN,Parsons Corporation Common Stock,$35.43,0.10,0.283%,3626638255.00,,2019,416832,Technology,EDP Services
PSTG,Pure Storage Inc. Class A Common Stock,$23.19,-1.30,-5.308%,6326486835.00,,2015,5279084,Technology,Electronic Components
PT,Pintec Technology Holdings Limited American Depositary Shares,$1.41,-0.09,-6.00%,60824941.00,China,2018,375982,Technology,Computer Software: Programming Data Processing
PTC,PTC Inc. Common Stock,$136.51,-5.70,-4.008%,15945790161.00,United States,,843646,Technology,Computer Software: Prepackaged Software
PUBM,PubMatic Inc. Class A Common Stock,$67.81,-2.11,-3.018%,3243115236.00,United States,2020,1229295,Technology,Computer Software: Programming Data Processing
PXLW,Pixelworks Inc.  Common Stock,$3.76,0.07,1.897%,191275723.00,United States,2000,451346,Technology,Semiconductors
QADA,QAD Inc. Class A Common Stock,$65.35,-0.94,-1.418%,1352684682.00,United States,,26146,Technology,Computer Software: Prepackaged Software
QADB,QAD Inc. Class B Common Stock,$46.10,0.00,0.00%,954227450.00,United States,,9,Technology,Computer Software: Prepackaged Software
QCOM,QUALCOMM Incorporated Common Stock,$137.04,-2.45,-1.756%,155677440000.00,United States,1991,8687108,Technology,Radio And Television Broadcasting And Communications Equipment
QLYS,Qualys Inc. Common Stock,$97.47,-2.28,-2.286%,3821577930.00,United States,2012,344295,Technology,Computer Software: Prepackaged Software
QMCO,Quantum Corporation Common Stock,$8.91,0.22,2.532%,504869174.00,United States,,546506,Technology,Electronic Components
QRHC,Quest Resource Holding Corporation Common Stock,$3.04,0.03,0.997%,55878930.00,United States,,15126,Technology,Diversified Commercial Services
QRVO,Qorvo Inc. Common Stock,$177.45,-4.86,-2.666%,20098467357.00,United States,,1387356,Technology,Semiconductors
QTT,Qutoutiao Inc. American Depositary Shares,$3.78,-0.06,-1.563%,1008602477.00,China,2018,5233325,Technology,Computer Software: Programming Data Processing
QTWO,Q2 Holdings Inc. Common Stock,$121.43,-3.57,-2.856%,6751448742.00,,2014,494964,Technology,Computer Software: Prepackaged Software
QUIK,QuickLogic Corporation Common Stock,$8.08,-0.75,-8.494%,89433310.00,United States,1999,354945,Technology,Semiconductors
QUMU,Qumu Corporation Common Stock,$8.89,-0.32,-3.474%,155931302.00,United States,,89927,Technology,Computer Software: Prepackaged Software
RAAS,Cloopen Group Holding Limited American Depositary Shares each representing two Class A Ordinary Shares,$19.12,-3.17,-14.222%,3056242155.00,,2021,1404729,Technology,Computer Software: Prepackaged Software
RADA,RADA Electronic Industries Ltd. Ordinary Shares,$12.88,-0.01,-0.078%,560087637.00,Israel,,1175414,Technology,Electronic Components
RAMP,LiveRamp Holdings Inc. Common Stock,$64.56,-1.48,-2.241%,4320317174.00,United States,2018,527458,Technology,EDP Services
RBBN,Ribbon Communications Inc. Common Stock,$8.41,-0.37,-4.214%,1222785667.00,United States,,7950160,Technology,EDP Services
RBCN,Rubicon Technology Inc. Common Stock,$10.25,-0.07,-0.678%,24823676.00,United States,2007,3862,Technology,Semiconductors
RCII,Rent-A-Center Inc. Common Stock,$58.86,-0.71,-1.192%,3825056713.00,United States,1995,862941,Technology,Diversified Commercial Services
RCMT,RCM Technologies Inc. Common Stock,$3.83,-0.21,-5.198%,45783552.00,United States,,121171,Technology,Professional Services
RDCM,Radcom Ltd. Ordinary Shares,$9.86,0.04,0.407%,137484448.00,Israel,1997,147336,Technology,Computer peripheral equipment
RDVT,Red Violet Inc. Common Stock ,$23.17,-0.68,-2.851%,281516311.00,United States,,29091,Technology,Computer Software: Prepackaged Software
RELL,Richardson Electronics Ltd. Common Stock,$6.69,0.18,2.765%,88359205.00,United States,1983,50969,Technology,Electronic Components
RESN,Resonant Inc. Common Stock,$5.30,-0.17,-3.108%,287133685.00,United States,2014,1129302,Technology,Semiconductors
RHI,Robert Half International Inc. Common Stock,$77.61,-1.43,-1.809%,8779619919.00,United States,,1228480,Technology,Professional Services
RIOT,Riot Blockchain Inc.  Common Stock ,$49.10,-4.50,-8.396%,3315718434.00,United States,,23302501,Technology,EDP Services
RMBL,RumbleOn Inc. Class B Common Stock,$38.47,0.12,0.313%,86235622.00,United States,,130090,Technology,EDP Services
RMBS,Rambus Inc. Common Stock,$20.73,-0.84,-3.894%,2342490000.00,United States,1997,959518,Technology,Semiconductors
RNG,RingCentral Inc. Class A Common Stock,$370.96,-15.03,-3.894%,33249778029.00,,2013,978412,Technology,EDP Services
RNWK,RealNetworks Inc. Common Stock,$4.72,0.54,12.919%,180662069.00,United States,1997,1511369,Technology,EDP Services
RP,RealPage Inc. Common Stock,$87.07,-0.05,-0.057%,8886372733.00,United States,2010,755358,Technology,Computer Software: Prepackaged Software
RPD,Rapid7 Inc. Common Stock,$78.99,-2.32,-2.853%,4094757713.00,United States,2015,660022,Technology,Computer Software: Prepackaged Software
RXN,Rexnord Corporation Common Stock,$46.23,-0.30,-0.645%,5528773711.00,United States,2012,579837,Technology,Industrial Machinery/Components
RXT,Rackspace Technology Inc. Common Stock,$20.24,-0.45,-2.175%,4107902506.00,United States,2020,1509521,Technology,Computer Software: Programming Data Processing
SABR,Sabre Corporation Common Stock,$14.63,0.19,1.316%,4642055110.00,United States,2014,6721610,Technology,Computer Software: Programming Data Processing
SABRP,Sabre Corporation 6.50% Series A Mandatory Convertible Preferred Stock,$183.39,0.00,0.00%,,United States,,25343,Technology,Computer Software: Programming Data Processing
SAIC,SCIENCE APPLICATIONS INTERNATIONAL CORPORATION Common Stock,$86.40,-3.36,-3.743%,5030581594.00,,,477238,Technology,EDP Services
SAIL,SailPoint Technologies Holdings Inc. Common Stock,$59.22,-1.20,-1.986%,5383835822.00,United States,2017,1980307,Technology,Computer Software: Prepackaged Software
SANM,Sanmina Corporation Common Stock,$36.47,-0.16,-0.437%,2367871971.00,United States,1993,287474,Technology,Electrical Products
SAP,SAP  SE ADS,$125.34,0.92,0.739%,149612075709.00,Germany,,584465,Technology,Computer Software: Prepackaged Software
SCKT,Socket Mobile Inc. Common Stock,$10.56,-0.90,-7.853%,64206331.00,United States,,1005868,Technology,Computer Manufacturing
SCPL,SciPlay Corporation Class A Common Stock,$18.02,-1.24,-6.438%,411886294.00,United States,2019,1206773,Technology,EDP Services
SCSC,ScanSource Inc. Common Stock,$29.53,0.42,1.443%,751590650.00,United States,,106561,Technology,Retail: Computer Software & Peripheral Equipment
SCWX,SecureWorks Corp. Class A Common Stock,$14.27,-0.58,-3.906%,1173532564.00,United States,2016,34140,Technology,Computer Software: Prepackaged Software
SEAC,SeaChange International Inc. Common Stock,$1.20,0.005,0.418%,45167165.00,United States,1996,617273,Technology,Radio And Television Broadcasting And Communications Equipment
SEDG,SolarEdge Technologies Inc. Common Stock,$291.59,-16.36,-5.313%,15040666789.00,Israel,2015,765569,Technology,Semiconductors
SFET,Safe-T Group Ltd. American Depositary Share,$1.80,-0.10,-5.263%,46545282.00,Israel,2018,784517,Technology,Computer Software: Prepackaged Software
SFUN,Fang Holdings Limited American Depositary Shares (Each representing Four Class A Ordinary Shares HK$1.00 par value),$13.06,0.02,0.153%,117608134.00,China,2010,2029,Technology,EDP Services
SGH,SMART Global Holdings Inc. Ordinary Shares,$48.59,0.20,0.413%,1150250079.00,United States,2017,306770,Technology,Semiconductors
SGMA,SigmaTron International Inc. Common Stock,$5.36,-0.07,-1.289%,22820243.00,United States,1994,25389,Technology,Electrical Products
SGMS,Scientific Games Corp Common Stock,$50.01,-0.65,-1.283%,4759440548.00,United States,,702409,Technology,EDP Services
SGOC,SGOCO Group Ltd Ordinary Shares (Cayman Islands),$1.74,-0.04,-2.247%,175041646.00,China,2010,111525,Technology,Radio And Television Broadcasting And Communications Equipment
SHLS,Shoals Technologies Group Inc. Class A Common Stock,$36.30,-0.70,-1.892%,6047375195.00,United States,2021,1287444,Technology,Semiconductors
SHOP,Shopify Inc. Class A Subordinate Voting Shares,$1309.06,-0.88,-0.067%,160648971610.00,Canada,2015,1274362,Technology,Computer Software: Prepackaged Software
SHSP,SharpSpring Inc. Common Stock,$22.66,-0.53,-2.285%,285435353.00,United States,,94637,Technology,Computer Software: Prepackaged Software
SIFY,Sify Technologies Limited American Depositary Shares,$3.19,-0.27,-7.803%,571722158.00,India,,843270,Technology,Computer Software: Programming Data Processing
SILC,Silicom Ltd Ordinary Shares,$50.16,-0.57,-1.124%,359934817.00,Israel,,109110,Technology,Computer Communications Equipment
SIMO,Silicon Motion Technology Corporation American Depositary Shares,$57.76,-1.94,-3.25%,2030054389.00,Taiwan,2005,380690,Technology,Semiconductors
SINA,SINA Corporation Ordinary Shares,$43.15,-0.02,-0.046%,2577510363.00,China,,480757,Technology,Computer Software: Prepackaged Software
SITM,SiTime Corporation Common Stock,$98.52,-1.89,-1.882%,1689645389.00,United States,2019,329464,Technology,Semiconductors
SJ,Scienjoy Holding Corporation Ordinary Shares,$10.4573,0.4573,4.573%,282737178.00,China,2019,3790,Technology,EDP Services
SLAB,Silicon Laboratories Inc. Common Stock,$156.21,-5.89,-3.634%,6861548619.00,United States,2000,268359,Technology,Semiconductors
SLP,Simulations Plus Inc. Common Stock,$70.54,-2.49,-3.41%,1408307046.00,United States,,137410,Technology,EDP Services
SMAR,Smartsheet Inc. Class A Common Stock,$69.90,-2.53,-3.493%,8545129189.00,United States,2018,753775,Technology,Computer Software: Prepackaged Software
SMCI,Super Micro Computer Inc. Common Stock,$34.08,-0.19,-0.554%,1723606565.00,United States,2020,253129,Technology,Computer Manufacturing
SMSI,Smith Micro Software Inc. Common Stock,$6.92,-0.06,-0.86%,285763829.00,United States,1995,218702,Technology,Computer Software: Prepackaged Software
SMTC,Semtech Corporation Common Stock,$72.05,-4.33,-5.669%,4683486756.00,United States,,250534,Technology,Semiconductors
SMTX,SMTC Corporation Common Stock,$5.91,0.03,0.51%,168516617.00,Canada,2000,67603,Technology,Electrical Products
SNAP,Snap Inc. Class A Common Stock,$64.51,-2.16,-3.24%,97300694201.00,United States,2017,18733021,Technology,Computer Software: Programming Data Processing
SNCR,Synchronoss Technologies Inc. Common Stock,$4.61,0.00,0.00%,203328111.00,United States,2018,223336,Technology,EDP Services
SNOW,Snowflake Inc. Class A Common Stock,$270.60,-1.57,-0.577%,76606860000.00,United States,2020,2822779,Technology,Computer Software: Prepackaged Software
SNPS,Synopsys Inc. Common Stock,$247.87,-6.30,-2.479%,37768735665.00,United States,1992,1001358,Technology,Computer Software: Prepackaged Software
SNX,Synnex Corporation Common Stock,$92.11,-2.39,-2.529%,4752584748.00,United States,2003,328059,Technology,Retail: Computer Software & Peripheral Equipment
SOGO,Sogou Inc. American Depositary Shares each representing one Class A Ordinary Share,$8.30,0.00,0.00%,3217004603.00,United States,2017,353373,Technology,EDP Services
SOHU,Sohu.com Limited American Depositary Shares,$18.50,-0.42,-2.22%,726470913.00,China,,186178,Technology,EDP Services
SOL,Renesola Ltd. American Depsitary Shares (Each representing 10 shares),$14.60,-1.38,-8.636%,869893419.00,China,2008,1239115,Technology,Semiconductors
SPCB,SuperCom Ltd. Ordinary Shares (Israel),$1.43,-0.07,-4.667%,23288900.00,Israel,,1454274,Technology,Semiconductors
SPI,SPI Energy Co. Ltd. Ordinary Shares,$8.27,-0.66,-7.391%,196049149.00,China,,954717,Technology,Semiconductors
SPLK,Splunk Inc. Common Stock,$149.09,-2.17,-1.435%,24110960185.00,United States,2012,1953827,Technology,Computer Software: Prepackaged Software
SPNS,Sapiens International Corporation N.V. Common Shares (Cayman Islands),$32.46,-0.41,-1.247%,1630440319.00,Curacao,1992,133045,Technology,Computer Software: Prepackaged Software
SPRT,Support.com Inc. Common Stock,$2.17,0.00,0.00%,42051243.00,United States,2000,87564,Technology,EDP Services
SPSC,SPS Commerce Inc. Common Stock,$100.57,-2.82,-2.728%,3578680567.00,United States,2010,612719,Technology,Computer Software: Prepackaged Software
SPT,Sprout Social Inc Class A Common Stock,$66.24,-6.56,-9.011%,3536905997.00,United States,2019,722508,Technology,Computer Software: Prepackaged Software
SPWR,SunPower Corporation Common Stock,$35.15,-3.04,-7.96%,5995020201.00,United States,2005,5162004,Technology,Semiconductors
SPXC,SPX Corporation Common Stock,$55.95,-2.39,-4.097%,2505624236.00,United States,,157956,Technology,Industrial Machinery/Components
SQ,Square Inc. Class A Common Stock,$252.20,11.20,4.647%,114653817252.00,United States,2015,17314497,Technology,Computer Software: Prepackaged Software
SQNS,Sequans Communications S.A. American Depositary Shares,$6.32,-0.42,-6.231%,211615859.00,France,2011,360582,Technology,Semiconductors
SRAX,SRAX Inc. Class A Common Stock,$4.56,-0.02,-0.437%,73081706.00,United States,,1415397,Technology,Advertising
SRT,StarTek Inc. Common Stock,$8.45,0.12,1.441%,340473780.00,United States,1997,30369,Technology,Professional Services
SSNC,SS&C Technologies Holdings Inc. Common Stock,$66.66,-0.29,-0.433%,17062603502.00,United States,2010,1589620,Technology,Computer Software: Prepackaged Software
SSPK,Silver Spike Acquisition Corp. Class A Ordinary Shares,$21.83,-2.17,-9.042%,682156392.00,United States,2019,582355,Technology,Computer Software: Prepackaged Software
SSPKU,Silver Spike Acquisition Corp. Units,$30.00,1.23,4.275%,0.00,United States,2019,398,Technology,Computer Software: Prepackaged Software
SSPKW,Silver Spike Acquisition Corp. Warrants,$9.98,-0.38,-3.668%,0.00,United States,2019,161876,Technology,Computer Software: Prepackaged Software
SSTI,ShotSpotter Inc. Common Stock,$38.76,-3.54,-8.369%,445959498.00,United States,2017,82817,Technology,Computer Software: Prepackaged Software
SSTK,Shutterstock Inc. Common Stock,$86.15,-3.07,-3.441%,3123466116.00,United States,2012,424933,Technology,EDP Services
SSYS,Stratasys Ltd. Ordinary Shares (Israel),$32.28,-4.00,-11.025%,1827604023.00,United States,1994,2273928,Technology,Computer peripheral equipment
STAF,Staffing 360 Solutions Inc. Common Stock (DE),$0.925,-0.085,-8.416%,36303038.00,United States,,3408676,Technology,Professional Services
STM,STMicroelectronics N.V. Common Stock,$36.99,-1.15,-3.015%,33406009900.00,Switzerland,,4956220,Technology,Semiconductors
STNE,StoneCo Ltd. Class A Common Shares,$87.77,-1.90,-2.119%,27049974011.00,Brazil,2018,1787691,Technology,EDP Services
STRM,Streamline Health Solutions Inc. Common Stock,$1.96,-0.14,-6.667%,62059892.00,United States,,177681,Technology,EDP Services
STX,Seagate Technology PLC Ordinary Shares (Ireland),$72.52,-1.29,-1.748%,17164182774.00,Ireland,2002,2241662,Technology,Electronic Components
SUMO,Sumo Logic Inc. Common Stock,$29.50,-1.32,-4.283%,3018394806.00,United States,2020,531181,Technology,Computer Software: Prepackaged Software
SVMK,SVMK Inc. Common Stock,$19.34,-0.03,-0.155%,2789747849.00,United States,2018,1605298,Technology,Computer Software: Programming Data Processing
SWCH,Switch Inc. Class A Common Stock,$15.37,-2.33,-13.164%,3702592162.00,,2017,10062559,Technology,Computer Software: Programming Data Processing
SWI,SolarWinds Corporation Common Stock,$16.16,-0.57,-3.407%,5074920611.00,United States,2018,1267819,Technology,Computer Software: Prepackaged Software
SWIR,Sierra Wireless Inc. Common Stock,$16.88,-0.65,-3.708%,617351126.00,Canada,,158443,Technology,Radio And Television Broadcasting And Communications Equipment
SWKS,Skyworks Solutions Inc. Common Stock,$179.89,-6.57,-3.524%,29663864058.00,United States,,1574872,Technology,Semiconductors
SXI,Standex International Corporation Common Stock,$102.84,1.00,0.982%,1270765908.00,United States,,55484,Technology,Industrial Machinery/Components
SY,So-Young International Inc. American Depository Shares,$15.00,-0.85,-5.363%,1601547045.00,China,2019,660124,Technology,EDP Services
SYKE,Sykes Enterprises Incorporated Common Stock,$41.33,-0.41,-0.982%,1635242570.00,United States,1996,126713,Technology,EDP Services
SYNA,Synaptics Incorporated Common Stock $0.001 Par Value,$136.30,-1.39,-1.01%,4764006804.00,United States,2002,528354,Technology,Semiconductors
SYNC,Synacor Inc. Common Stock,$2.14,-0.03,-1.382%,85208324.00,United States,2012,94387,Technology,Computer Software: Programming Data Processing
TACT,TransAct Technologies Incorporated Common Stock,$11.31,-0.15,-1.309%,100985689.00,United States,1996,12841,Technology,Computer peripheral equipment
TAIT,Taitron Components Incorporated Class A Common Stock,$4.99,-0.14,-2.729%,28968682.00,United States,1995,50507,Technology,Electronic Components
TAOP,Taoping Inc. Ordinary Shares ,$9.95,0.63,6.76%,84445212.00,China,,586279,Technology,Computer Software: Prepackaged Software
TBI,TrueBlue Inc. Common Stock,$20.40,-0.37,-1.781%,723913992.00,United States,,178057,Technology,Professional Services
TCX,Tucows Inc. Class A Common Stock,$84.74,-0.46,-0.54%,898775066.00,Canada,,34398,Technology,EDP Services
TDC,Teradata Corporation Common Stock,$41.02,-1.11,-2.635%,4483486000.00,United States,,2476942,Technology,Computer Software: Prepackaged Software
TEAM,Atlassian Corporation Plc Class A Ordinary Shares,$244.40,-7.10,-2.823%,61115096588.00,United Kingdom,2015,1739034,Technology,Computer Software: Prepackaged Software
TEL,TE Connectivity Ltd. New Switzerland Registered Shares,$134.79,0.61,0.455%,44600496500.00,Switzerland,,2186676,Technology,Electronic Components
TENB,Tenable Holdings Inc. Common Stock,$40.63,-0.80,-1.931%,4226993894.00,United States,2018,1200818,Technology,Computer Software: Prepackaged Software
TESS,TESSCO Technologies Incorporated Common Stock,$7.16,0.28,4.07%,63208953.00,United States,1994,82790,Technology,Electronic Components
TGH,Textainer Group Holdings Limited Common Shares,$26.97,2.01,8.053%,1361871429.00,Bermuda,2007,2127806,Technology,Diversified Commercial Services
TIXT,TELUS International (Cda) Inc. Subordinate Voting Shares,$29.09,-0.02,-0.069%,1510708105.00,,2021,264988,Technology,EDP Services
TLND,Talend S.A. American Depositary Shares,$52.24,-1.18,-2.209%,1672229878.00,France,2016,90623,Technology,Computer Software: Prepackaged Software
TLS,Telos Corporation Common Stock,$33.75,-1.27,-3.626%,0.00,United States,2020,503423,Technology,EDP Services
TNC,Tennant Company Common Stock,$77.40,-0.84,-1.074%,1429824751.00,United States,,53787,Technology,Industrial Machinery/Components
TRIP,TripAdvisor Inc. Common Stock,$52.64,3.29,6.667%,7097411878.00,United States,,7564625,Technology,Computer Software: Programming Data Processing
TRIT,Triterras Inc. Class A Ordinary Shares,$7.05,-0.20,-2.759%,586530876.00,Singapore,,1322411,Technology,EDP Services
TRITW,Triterras Inc. Warrant,$1.71,-0.05,-2.841%,0.00,Singapore,,95093,Technology,EDP Services
TRT,Trio-Tech International Common Stock,$5.40,-0.07,-1.28%,20036997.00,United States,,32274,Technology,Industrial Machinery/Components
TRTN,Triton International Limited Common Shares,$57.80,0.55,0.961%,3965491883.00,,2016,435175,Technology,Diversified Commercial Services
TRUE,TrueCar Inc. Common Stock,$5.44,0.26,5.019%,566271980.00,United States,2014,2227056,Technology,Computer Software: Programming Data Processing
TRVG,trivago N.V. American Depositary Shares,$4.56,0.17,3.872%,1614951100.00,Germany,2016,3445857,Technology,EDP Services
TSEM,Tower Semiconductor Ltd. Ordinary Shares,$30.30,-0.34,-1.11%,3267447283.00,Israel,1994,520417,Technology,Semiconductors
TSM,Taiwan Semiconductor Manufacturing Company Ltd.,$126.00,-3.13,-2.424%,653436000000.00,Taiwan,1997,8247694,Technology,Semiconductors
TSRI,TSR Inc. Common Stock,$9.60,0.09,0.946%,18835795.00,United States,,677,Technology,EDP Services
TTD,The Trade Desk Inc. Class A Common Stock,$797.91,-34.43,-4.137%,37804677382.00,United States,2016,462698,Technology,Computer Software: Programming Data Processing
TTEC,TTEC Holdings Inc. Common Stock,$86.55,-2.12,-2.391%,4044931387.00,United States,1996,248894,Technology,Professional Services
TTMI,TTM Technologies Inc. Common Stock,$14.11,-0.20,-1.398%,1506532771.00,United States,2000,1032933,Technology,Electrical Products
TTWO,Take-Two Interactive Software Inc. Common Stock,$188.17,0.72,0.384%,21672978401.00,United States,1997,1086885,Technology,Computer Software: Prepackaged Software
TUFN,Tufin Software Technologies Ltd. Ordinary Shares,$12.56,0.00,0.00%,442491978.00,,2019,486076,Technology,EDP Services
TWIN,Twin Disc Incorporated Common Stock,$8.70,0.15,1.754%,118700147.00,United States,,26660,Technology,Industrial Machinery/Components
TWLO,Twilio Inc. Class A Common Stock,$394.62,-21.16,-5.089%,64809128055.00,United States,2016,1881118,Technology,Computer Software: Prepackaged Software
TWOU,2U Inc. Common Stock,$40.69,-1.02,-2.445%,2948052389.00,United States,2014,1057916,Technology,Computer Software: Prepackaged Software
TWTR,Twitter Inc. Common Stock,$73.67,-3.96,-5.101%,58799893791.00,,2013,20482162,Technology,Computer Software: Programming Data Processing
TXN,Texas Instruments Incorporated Common Stock,$174.89,-2.78,-1.565%,160940632114.00,United States,,5401522,Technology,Semiconductors
TYL,Tyler Technologies Inc. Common Stock,$464.45,-12.60,-2.641%,18845862249.00,United States,,129615,Technology,Computer Software: Prepackaged Software
U,Unity Software Inc. Common Stock,$108.10,-0.43,-0.396%,29569349700.00,United States,2020,3526860,Technology,Computer Software: Prepackaged Software
UCTT,Ultra Clean Holdings Inc. Common Stock,$48.29,-2.40,-4.735%,1961198535.00,United States,2004,712780,Technology,Semiconductors
UI,Ubiquiti Inc. Common Stock,$328.58,-8.88,-2.631%,20637841022.00,United States,,75363,Technology,Radio And Television Broadcasting And Communications Equipment
UIS,Unisys Corporation New Common Stock,$24.82,-0.31,-1.234%,1564599487.00,United States,,685572,Technology,EDP Services
UMC,United Microelectronics Corporation (NEW) Common Stock,$9.42,-0.64,-6.362%,23403048000.00,Taiwan,,9552648,Technology,Semiconductors
UPLD,Upland Software Inc. Common Stock,$50.02,-0.44,-0.872%,1473801985.00,United States,2014,192448,Technology,Computer Software: Prepackaged Software
UPWK,Upwork Inc. Common Stock,$50.75,-4.81,-8.657%,6341835659.00,United States,2018,2252875,Technology,EDP Services
URI,United Rentals Inc. Common Stock,$293.42,-9.07,-2.998%,21184711564.00,United States,1997,694812,Technology,Diversified Commercial Services
UUU,Universal Security Instruments Inc. Common Stock,$6.67,-0.61,-8.379%,15426956.00,United States,,124907,Technology,Electronic Components
VECO,Veeco Instruments Inc. Common Stock,$21.85,-0.71,-3.147%,1086471629.00,United States,1994,262007,Technology,Industrial Machinery/Components
VEEV,Veeva Systems Inc. Class A Common Stock,$287.30,-6.41,-2.182%,43516063145.00,,2013,1274025,Technology,Computer Software: Prepackaged Software
VERI,Veritone Inc. Common Stock,$38.58,0.09,0.234%,1226819077.00,United States,2017,826525,Technology,EDP Services
VERX,Vertex Inc. Class A Common Stock,$31.52,-0.64,-1.99%,4605213935.00,United States,2020,129221,Technology,Computer Software: Prepackaged Software
VIAO,VIA optronics AG American Depositary Shares each representing one-fifth of an Ordinary Share,$14.25,0.56,4.091%,322812446.00,,2020,26339,Technology,Semiconductors
VIAV,Viavi Solutions Inc. Common Stock,$16.36,-0.25,-1.505%,3742022424.00,United States,,1739838,Technology,Semiconductors
VIH,VPC Impact Acquisition Holdings Class A Ordinary Shares,$15.02,-0.43,-2.783%,389340960.00,United States,2020,688113,Technology,Computer Software: Prepackaged Software
VIHAU,VPC Impact Acquisition Holdings Unit,$17.70,0.22,1.259%,0.00,United States,2020,824,Technology,Computer Software: Prepackaged Software
VIHAW,VPC Impact Acquisition Holdings Warrant,$4.05,-0.09,-2.174%,0.00,United States,2020,222097,Technology,Computer Software: Prepackaged Software
VMW,Vmware Inc. Common stock Class A,$139.24,-1.17,-0.833%,58449884543.00,United States,2007,966911,Technology,Computer Software: Prepackaged Software
VNET,21Vianet Group Inc. American Depositary Shares,$37.42,-1.30,-3.357%,4973975367.00,China,2011,1415867,Technology,Computer Software: Programming Data Processing
VOLT,Volt Information Sciences Inc. Common Stock,$2.93,-0.01,-0.34%,63688165.00,United States,,67286,Technology,Professional Services
VOXX,VOXX International Corporation Class A Common Stock,$21.45,-1.03,-4.582%,513254099.00,United States,,256025,Technology,Electronic Components
VRNS,Varonis Systems Inc. Common Stock,$182.14,-4.86,-2.599%,6218340470.00,United States,2014,593087,Technology,Computer Software: Prepackaged Software
VRNT,Verint Systems Inc. Common Stock,$48.75,-1.13,-2.265%,3388125000.00,United States,2002,439741,Technology,EDP Services
VRSK,Verisk Analytics Inc. Common Stock,$166.38,-0.66,-0.395%,27085263580.00,United States,2009,2617317,Technology,EDP Services
VRSN,VeriSign Inc. Common Stock,$193.99,-1.81,-0.924%,21939213888.00,United States,1998,584078,Technology,EDP Services
VS,Versus Systems Inc. Common Shares,$9.61,-0.41,-4.092%,117799966.00,Canada,,55058,Technology,EDP Services
VSAT,ViaSat Inc. Common Stock,$52.79,-0.07,-0.132%,3616396265.00,United States,1996,421858,Technology,Radio And Television Broadcasting And Communications Equipment
VSSYW,Versus Systems Inc. Class A Warrants,$4.2225,-0.2775,-6.167%,0.00,Canada,,2162,Technology,EDP Services
VUZI,Vuzix Corporation Common Stock,$22.72,-0.87,-3.688%,1265581248.00,United States,,8665276,Technology,Radio And Television Broadcasting And Communications Equipment
VVNT,Vivint Smart Home Inc. ,$16.15,-0.80,-4.72%,3291353753.00,,2017,612261,Technology,EDP Services
WATT,Energous Corporation Common Stock,$4.65,-0.03,-0.641%,207142285.00,United States,2014,5981384,Technology,Radio And Television Broadcasting And Communications Equipment
WB,Weibo Corporation American Depositary Share,$56.54,0.05,0.089%,12804161480.00,China,2014,513518,Technology,Computer Software: Programming Data Processing
WBT,Welbilt Inc. Common Stock,$16.22,-0.57,-3.395%,2295387509.00,,2016,1100744,Technology,Industrial Machinery/Components
WDAY,Workday Inc. Class A Common Stock,$247.96,-4.84,-1.915%,59510400000.00,United States,,1333633,Technology,EDP Services
WDC,Western Digital Corporation Common Stock,$69.54,-2.67,-3.698%,21285997828.00,United States,,4515404,Technology,Electronic Components
WIMI,WiMi Hologram Cloud Inc. American Depositary Share,$9.03,-0.75,-7.669%,603065895.00,China,2020,2662858,Technology,Computer Software: Prepackaged Software
WISA,Summit Wireless Technologies Inc. Common Stock,$3.26,-0.19,-5.507%,34126335.00,United States,2018,161837,Technology,Semiconductors
WIT,Wipro Limited Common Stock,$6.47,0.08,1.252%,35315652451.00,India,,1751010,Technology,EDP Services
WIX,Wix.com Ltd. Ordinary Shares,$342.94,2.42,0.711%,19081271450.00,Israel,2013,601517,Technology,Computer Software: Programming Data Processing
WK,Workiva Inc. Class A Common Stock,$102.12,-2.26,-2.165%,5065457747.00,United States,2014,441841,Technology,Computer Software: Prepackaged Software
WKEY,WISeKey International Holding AG American Depositary Shares,$7.22,-0.30,-3.989%,127665072.00,Switzerland,,257036,Technology,EDP Services
WORK,Slack Technologies Inc. Class A Common Stock,$40.92,-0.19,-0.462%,23737633239.00,,2019,4006557,Technology,Computer Software: Prepackaged Software
WPP,WPP plc American Depositary Shares,$61.89,0.96,1.576%,15167161229.00,Ireland,,165334,Technology,Advertising
WSTG,Wayside Technology Group Inc. Common Stock,$24.24,3.42,16.427%,105739655.00,United States,,56078,Technology,Retail: Computer Software & Peripheral Equipment
WYY,WidePoint Corporation Common Stock,$11.40,0.00,0.00%,96429568.00,United States,,67550,Technology,EDP Services
XLNX,Xilinx Inc. Common Stock,$129.95,-3.84,-2.87%,31873746150.00,United States,1990,1726394,Technology,Semiconductors
XM,Qualtrics International Inc. Class A Common Stock,$36.88,-2.42,-6.158%,18850806209.00,United States,2021,2223187,Technology,Computer Software: Prepackaged Software
XNET,Xunlei Limited American Depositary Receipts,$6.64,-0.67,-9.166%,444085829.00,China,2014,1708656,Technology,Computer Software: Prepackaged Software
XPER,Xperi Holding Corporation Common Stock,$21.52,0.42,1.991%,2274828198.00,United States,,1056834,Technology,Semiconductors
XRX,Xerox Holdings Corporation Common Stock,$25.82,0.05,0.194%,5122323861.00,United States,,1889485,Technology,Computer peripheral equipment
YEXT,Yext Inc. Common Stock,$17.72,-0.29,-1.61%,2166564081.00,United States,2017,1092044,Technology,EDP Services
YNDX,Yandex N.V. Class A Ordinary Shares,$67.93,0.56,0.831%,23780555351.00,Netherlands,2011,1890256,Technology,Computer Software: Programming Data Processing
YVR,Liquid Media Group Ltd. Common Shares,$1.775,0.015,0.852%,17738480.00,Canada,,136980,Technology,Computer Software: Prepackaged Software
YY,JOYY Inc. American Depositary Shares,$124.79,-4.12,-3.196%,10105931714.00,China,2012,839100,Technology,EDP Services
ZBRA,Zebra Technologies Corporation Class A Common Stock,$501.62,-9.86,-1.928%,26820320198.00,United States,1991,263952,Technology,Industrial Machinery/Components
ZDGE,Zedge Inc. Class B Common Stock ,$11.42,0.14,1.241%,143021648.00,,2016,280765,Technology,Computer Software: Prepackaged Software
ZEN,Zendesk Inc. Common Stock,$148.77,-1.77,-1.176%,17519006579.00,,2014,1100920,Technology,EDP Services
ZEPP,Zepp Health Corporation American Depositary Shares,$16.62,-0.71,-4.097%,1029601488.00,China,2018,379543,Technology,Computer Manufacturing
ZI,ZoomInfo Technologies Inc. Class A Common Stock,$56.11,-0.27,-0.479%,21844241108.00,United States,2020,1391461,Technology,Computer Software: Prepackaged Software
ZIXI,Zix Corporation Common Stock,$7.35,-0.07,-0.943%,418885688.00,United States,,1860804,Technology,EDP Services
ZM,Zoom Video Communications Inc. Class A Common Stock,$372.79,-36.87,-9.00%,108813451290.00,United States,2019,18060832,Technology,Computer Software: Programming Data Processing
ZNGA,Zynga Inc. Class A Common Stock,$11.39,-0.17,-1.471%,12289802050.00,United States,2011,9371601,Technology,EDP Services
ZS,Zscaler Inc. Common Stock,$202.61,-7.55,-3.593%,27188612755.00,United States,2018,1788603,Technology,EDP Services
ZUO,Zuora Inc. Class A Common Stock,$15.29,-0.21,-1.355%,1822568000.00,,2018,1057440,Technology,Computer Software: Prepackaged Software
